order_id,order_status,order_purchase_timestamp,has_order_items,has_payments,has_reviews,missing_order_items,missing_payments,missing_reviews
403b97836b0c04a622354cf531062e5f,delivered,2018-01-02 19:00:43,True,True,False,False,False,True
6942b8da583c2f9957e990d028607019,shipped,2018-01-10 11:33:07,True,True,False,False,False,True
8e24261a7e58791d10cb1bf9da94df5c,unavailable,2017-11-16 15:09:28,False,True,True,True,False,False
4906eeadde5f70b308c20c4a8f20be02,delivered,2017-12-08 04:45:26,True,True,False,False,False,True
b7a4a9ecb1cd3ef6a3e36a48e200e3be,delivered,2017-05-19 18:13:54,True,True,False,False,False,True
59b32faedc12322c672e95ec3716d614,delivered,2018-06-27 11:10:11,True,True,False,False,False,True
c2215076050fa358934105b15c34cf3b,delivered,2017-07-16 10:04:36,True,True,False,False,False,True
eafef0e6c44f121531569a69a318c3b3,delivered,2017-11-29 13:03:33,True,True,False,False,False,True
c272bcd21c287498b4883c7512019702,unavailable,2018-01-31 11:31:37,False,True,True,True,False,False
37553832a3a89c9b2db59701c357ca67,unavailable,2017-08-14 17:38:02,False,True,True,True,False,False
d57e15fb07fd180f06ab3926b39edcd2,unavailable,2018-01-08 19:39:03,False,True,True,True,False,False
95d9d2979d40161be87292ff88563cba,delivered,2018-06-07 23:42:37,True,True,False,False,False,True
a9b151f0c0471d9b2534fa73c9c0e123,delivered,2017-03-09 16:18:47,True,True,False,False,False,True
5e8d0f2f1e06e715aee3eefe4c175e52,delivered,2017-11-28 22:50:22,True,True,False,False,False,True
8187896518689722d7c05bfbaeed0933,delivered,2017-11-29 14:11:10,True,True,False,False,False,True
00b1cb0320190ca0daa2c88b35206009,canceled,2018-08-28 15:26:39,False,True,True,True,False,False
ec9b762e44b1848fb62eab0de58e8abf,delivered,2018-08-02 14:43:34,True,True,False,False,False,True
2f634e2cebf8c0283e7ef0989f77d217,unavailable,2017-09-27 20:55:33,False,True,True,True,False,False
ee0db22a8e742b752914016708470ec8,unavailable,2017-08-24 11:04:41,False,True,True,True,False,False
ed3efbd3a87bea76c2812c66a0b32219,canceled,2018-09-20 13:54:16,False,True,True,True,False,False
5394217c78ea24ee2b377c043b6bd7d9,delivered,2017-07-04 10:24:45,True,True,False,False,False,True
6ad57aecbae806a7e9cc2cdb6b380711,unavailable,2017-11-30 07:48:24,False,True,True,True,False,False
bf4072fdc2122c74befd6df427938cab,delivered,2018-01-24 14:19:05,True,True,False,False,False,True
df8282afe61008dc26c6c31011474d02,canceled,2017-03-04 12:14:30,False,True,True,True,False,False
8d4c637f1accf7a88a4555f02741e606,canceled,2018-08-29 16:27:49,False,True,True,True,False,False
9f3458f0433d4cfa472f4682654b8d49,unavailable,2017-07-18 23:36:55,False,True,True,True,False,False
7a9d4c7f9b068337875b95465330f2fc,canceled,2017-05-01 16:12:39,False,True,True,True,False,False
d8f57f08383291ef5fa6cb91dc1a4e02,delivered,2018-02-05 08:33:27,True,True,False,False,False,True
f0df036e9be21fc238f131bbfcdde769,unavailable,2017-02-24 23:39:21,False,True,True,True,False,False
86f0bcd9b426a2c1022ae317c7f27be6,unavailable,2017-03-08 15:13:03,False,True,True,True,False,False
ee1c259624feb697ba9a84a268f77cfa,shipped,2018-02-22 19:22:04,True,True,False,False,False,True
d5a9c802f335dab69b88e69434d0dd43,delivered,2018-03-08 11:38:27,True,True,False,False,False,True
74a243809fa8841223db188cbcc488ab,delivered,2018-01-10 11:22:49,True,True,False,False,False,True
98fe01bc254b759c1f2c11d77c2891d5,unavailable,2017-10-17 18:34:56,False,True,True,True,False,False
f56dc9034c3962e36d49fb73baa12800,unavailable,2017-08-10 22:20:51,False,True,True,True,False,False
00a77f9cc25b05b2004752593d7b8888,delivered,2017-06-22 19:53:24,True,True,False,False,False,True
7a268da1c6173cf3d0847a89afdaf84e,delivered,2018-07-23 19:10:00,True,True,False,False,False,True
dd501072091c950a1e6bb5ea9182df2a,delivered,2018-03-12 13:32:14,True,True,False,False,False,True
0130f0f71fb0e831d18e6a3b33a3a50c,unavailable,2017-05-12 10:17:23,False,True,True,True,False,False
ddaec6fff982b13e7e048b627a11d6da,canceled,2016-10-04 19:41:32,False,True,True,True,False,False
84b8ba39037606b7b30a39d02e9e4154,unavailable,2018-06-27 19:51:02,False,True,True,True,False,False
e639eb028398f98b7958207b2a45684c,delivered,2018-03-03 09:57:04,True,True,False,False,False,True
5290c34bd38a8a095b885f13958db1e1,canceled,2018-08-21 10:25:18,False,True,True,True,False,False
4c8c092a897404409eb4858b2c35f100,delivered,2018-08-07 08:40:31,True,True,False,False,False,True
2f30c0b1905c65a8ff6c6358bc909625,unavailable,2017-12-08 09:32:48,False,True,False,True,False,True
e2beeb3a428f811804079bc11b23c0c0,processing,2017-12-28 12:46:11,True,True,False,False,False,True
67174eff886029c2cc97d11c74eea9a7,delivered,2017-11-25 12:47:46,True,True,False,False,False,True
534a0fbe91a806a1dc6bf09b497e3d6f,unavailable,2018-01-22 02:45:40,False,True,True,True,False,False
f8c9df743a18aeeedd550486dbe39689,delivered,2018-06-07 17:52:27,True,True,False,False,False,True
5965bbd72c3ca0d9634419437ca53897,unavailable,2017-01-30 10:29:25,False,True,True,True,False,False
03310aa823a66056268a3bab36e827fb,canceled,2018-08-07 16:33:59,False,True,True,True,False,False
c2dccf148a1561c27d90870e67e507ca,delivered,2017-09-04 19:27:44,True,True,False,False,False,True
b07abc8b9acaf00e79b4657419f469f3,unavailable,2017-03-09 17:45:04,False,True,True,True,False,False
6d6dab0b5b471af95c0b7a114b5242f4,delivered,2018-01-03 00:43:53,True,True,False,False,False,True
28261c529e96c64f072a17b839812d63,delivered,2017-09-18 15:41:27,True,True,False,False,False,True
1ff6183537eb3a189de77b309ed28ad1,unavailable,2018-01-02 17:31:02,False,True,True,True,False,False
2411e5019928e883d049f7242362c23b,unavailable,2017-09-17 12:15:07,False,True,True,True,False,False
f8303e6eff198d1749d04649a1eb2bb6,unavailable,2018-01-21 20:44:54,False,True,True,True,False,False
4c8b9947280829d0a8b7e81cc249b875,canceled,2018-08-09 14:54:47,False,True,True,True,False,False
c16256c7228171d97729420953ec9536,delivered,2017-12-08 00:54:23,True,True,False,False,False,True
83df1c60b1394882b9a376fa1ddd152c,delivered,2017-06-03 15:30:37,True,True,False,False,False,True
c2ccb6c2af36d8492e83ecf528f2755c,unavailable,2018-05-21 13:48:16,False,True,True,True,False,False
b7be5e58fd37e6165dbb39e8362c8446,unavailable,2017-06-29 18:07:49,False,True,False,True,False,True
dacce96767ea2ce331e38a5ebcac5f25,delivered,2018-01-13 18:32:59,True,True,False,False,False,True
b13ea375fe9c728832688264638f84cf,canceled,2018-08-22 18:52:29,False,True,True,True,False,False
bcd65d5c97ac448bb3efc90b759909fd,unavailable,2018-07-20 16:24:23,False,True,True,True,False,False
46f36d95da75ced0462d57df904d36d0,unavailable,2017-03-02 15:27:25,False,True,True,True,False,False
59969aa08998ef1dda379be25f84a6bf,delivered,2017-04-09 13:47:43,True,True,False,False,False,True
4748c7d66bbedbf52de84b3bc4cbc482,unavailable,2017-05-25 21:45:54,False,True,True,True,False,False
ea844c92cf978ea23321fa7fe5871761,canceled,2018-09-13 09:56:12,False,True,True,True,False,False
79563470c891926bb9507d1ad1ff661d,unavailable,2017-07-05 13:51:35,False,True,True,True,False,False
9be3c9722389548409bf4cb39d07e347,unavailable,2017-11-17 13:12:46,False,True,True,True,False,False
1b60d2efd91abb75b6a78ba9041a3f15,delivered,2017-11-06 14:17:00,True,True,False,False,False,True
85e05c3c9aa9834518f35d4f286014be,canceled,2018-08-28 08:18:22,False,True,True,True,False,False
c1049eef89915c6beb3604bf3d6588d7,canceled,2018-02-05 23:08:11,True,True,False,False,False,True
d905856c062516e1bd43377034e5c615,delivered,2017-09-20 18:34:24,True,True,False,False,False,True
38a86eb53c2309d6234fc9bad96331ac,canceled,2018-08-18 12:39:31,False,True,True,True,False,False
bb82d1c94323c38a3d8124414a6a5ca5,shipped,2017-07-30 17:09:00,True,True,False,False,False,True
c5a468ae781ffb0ec6d36ae89fe512b0,canceled,2017-01-13 11:06:56,False,True,True,True,False,False
05e8a1fd3d354369a3de6e7230a3651f,unavailable,2018-02-16 16:54:07,False,True,True,True,False,False
2dd5bcfb8c66b22a80ffe45078eb2a99,unavailable,2017-03-06 21:31:42,False,True,True,True,False,False
d1b4fc9a8c1207433519a8ec52e2d03f,canceled,2018-05-08 10:05:26,False,True,True,True,False,False
9d4e334ddde795cd4fbee24dc4b68cfe,unavailable,2017-11-27 16:03:51,False,True,True,True,False,False
f63be24880200ae32aa24f5b458a3dc3,unavailable,2017-01-27 13:39:53,False,True,True,True,False,False
2bb02fdf5637a68cd5d13c78c37c3376,canceled,2018-08-09 10:55:10,False,True,True,True,False,False
48ad3f692af89318f508cd0b50f68b41,delivered,2017-03-26 17:05:31,True,True,False,False,False,True
a785f992778e63bfb3b2288b684217a2,delivered,2017-10-22 14:46:44,True,True,False,False,False,True
b842e9225252d13f6af62ff4508d7c43,unavailable,2017-08-02 22:17:16,False,True,True,True,False,False
f2a335c81aebf64a9a4309436e7af4a8,unavailable,2017-06-05 17:16:12,False,True,True,True,False,False
23d42019f5dad56f22fc05644f13b3fb,delivered,2018-02-21 15:23:21,True,True,False,False,False,True
50428fc6ef58fd5cebf433ef7f06be0d,unavailable,2017-12-04 23:10:03,False,True,True,True,False,False
8a20e2954602a0738f264299255fd5af,unavailable,2017-12-27 22:41:49,False,True,True,True,False,False
2de47e473306065fb0cd0322d8d9952b,unavailable,2017-10-25 13:15:01,False,True,True,True,False,False
3a0b1b5c52367a68f9deab55f3464a14,unavailable,2018-03-19 16:22:05,False,True,True,True,False,False
6241cda1675cb9e42e0a934f7c71812a,delivered,2017-08-03 12:52:45,True,True,False,False,False,True
6f04a69509e62866b1837e6a4f22c47f,unavailable,2017-06-12 12:04:09,False,True,True,True,False,False
5226f1a731e8a1215da5e1bea64e2130,canceled,2016-10-10 09:51:13,False,True,True,True,False,False
e6f4802ce2213981609f7384568b3a1d,delivered,2017-08-24 10:08:04,True,True,False,False,False,True
2b3d870a4d670c91f15668cea4fe3aa5,unavailable,2018-01-15 14:32:42,False,True,True,True,False,False
b5359909123fa03c50bdb0cfed07f098,created,2017-12-05 01:07:52,False,True,True,True,False,False
9380c59012c11f49c549ef8dffef1367,canceled,2018-08-15 11:05:44,False,True,True,True,False,False
8fccc7922426ac1c14efd13857e57bff,delivered,2017-03-19 17:02:45,True,True,False,False,False,True
d9091cd1d6e36cfcebc8b01aab81eff8,unavailable,2018-01-04 11:30:24,False,True,True,True,False,False
9b932dca249f9971b86dde2f2d7ad412,unavailable,2017-11-20 17:08:43,False,True,True,True,False,False
c24b8b41e6857d59a27f2b150bb669d9,unavailable,2018-03-14 08:45:03,False,True,True,True,False,False
35dc5c3a87f9e9cf93676b98d4bc35a2,unavailable,2017-02-14 14:26:02,False,True,True,True,False,False
5e42950b6aa90d698e75af4e41641386,delivered,2017-05-11 16:21:10,True,True,False,False,False,True
bef875448d5a4f703555d2dd5f8382b5,canceled,2018-01-23 09:48:56,True,True,False,False,False,True
ca0b30de0e60967b91fd5366743ba643,delivered,2017-10-31 11:15:17,True,True,False,False,False,True
30cdf125a8d4f89d00dee4b9af9194ee,unavailable,2017-12-08 15:34:33,False,True,True,True,False,False
4317fe882d992cda2fb3d51baeb2751c,unavailable,2017-10-07 11:51:46,False,True,True,True,False,False
0bde826daa0bd10393e958cf5d69dd26,unavailable,2017-02-04 10:28:25,False,True,True,True,False,False
672ab3776d5b25e586521469609ae774,canceled,2017-05-10 11:52:51,False,True,True,True,False,False
add917dceddf24259c12174aba0159f2,delivered,2017-12-20 11:20:14,True,True,False,False,False,True
3438960569bf3e42fa63f8e7bab0ac03,unavailable,2018-08-02 15:28:32,False,True,True,True,False,False
12e5a909c18964acada1ce9a760d9afe,unavailable,2017-03-23 23:41:40,False,True,True,True,False,False
37b1281795f5155c913abe0c05f43b4a,delivered,2018-04-02 20:19:13,True,True,False,False,False,True
a4ca2ef2db84bd36005b60249c9600d7,delivered,2018-07-14 20:21:30,True,True,False,False,False,True
ad0f5b61c49281e7ccac5a986968f347,unavailable,2018-07-24 09:26:34,False,True,True,True,False,False
ec9f9865708006552e26ff7a0e56738b,delivered,2017-09-22 13:43:56,True,True,False,False,False,True
2c0e90a2bdcffa59af23fe752aa40541,delivered,2018-04-28 21:31:30,True,True,False,False,False,True
6d4dd79bee1e2a93f09c9501c2ff87e7,delivered,2017-11-24 12:47:44,True,True,False,False,False,True
127f8f54e84665683a3c9bde5b3e768c,unavailable,2018-02-08 18:26:32,False,True,True,True,False,False
d200a7526c6d29e8c2742a0bff8cff14,unavailable,2017-05-04 15:19:42,False,True,True,True,False,False
6fb61aa0a0b7b2095b397d85d36693c5,delivered,2018-02-26 10:03:54,True,True,False,False,False,True
31c6c41e2949f1a20c6f8e60ac17d4fe,unavailable,2017-03-21 23:15:29,False,True,True,True,False,False
648637c544f762334d4ce9bbe88ebe21,unavailable,2017-11-09 22:40:17,False,True,True,True,False,False
dba5062fbda3af4fb6c33b1e040ca38f,created,2018-02-09 17:21:04,False,True,False,True,False,True
1591f1de66fc6657c009d107db35c4d2,delivered,2018-02-08 19:43:13,True,True,False,False,False,True
8347204e1ae41b2ad30899fa41a0a889,unavailable,2017-03-03 23:49:03,False,True,True,True,False,False
87035570c6fd0cc3421349131411fdfe,delivered,2018-06-22 22:39:55,True,True,False,False,False,True
44e5526a372b341ea535cb50b86eb7f1,delivered,2017-12-23 18:43:15,True,True,False,False,False,True
fea523ebb7e205d346f445544e0a18fd,delivered,2018-08-17 12:46:57,True,True,False,False,False,True
87ae60ef8b08ae0e5f903cacb53a6904,canceled,2018-09-11 16:45:54,False,True,True,True,False,False
809a282bbd5dbcabb6f2f724fca862ec,canceled,2016-09-13 15:24:19,False,True,True,True,False,False
6178d892fe5eef77fb756aed59b758bd,unavailable,2018-01-15 14:08:28,False,True,True,True,False,False
feae5ecdf2cc16c1007741be785fe3cd,unavailable,2017-11-11 16:41:06,False,True,True,True,False,False
651a89e11653d8df43a624a903fe0f5e,canceled,2017-06-06 20:31:46,False,True,True,True,False,False
39dbaa2c58bbe0be46bc4a525f24eda6,delivered,2017-08-31 17:56:08,True,True,False,False,False,True
996316cf1b7d0bf4a95a9b5f81d7f22a,unavailable,2017-09-25 21:50:25,False,True,True,True,False,False
e744792a1abc89d92d36e086697eaf97,unavailable,2017-03-06 21:28:55,False,True,True,True,False,False
947e9c6bfd83a06953c420ef92d3da6e,canceled,2018-08-15 15:13:32,False,True,True,True,False,False
1769cdad44f0f8456b101d679f33c9f1,shipped,2018-03-31 17:22:04,True,True,False,False,False,True
4ffaf2cdcc432ea3cd8ae0ab7a789cb0,unavailable,2018-01-30 10:25:41,False,True,True,True,False,False
4483bebac87f089540f2e5be0a6589f6,shipped,2017-08-18 18:38:54,True,True,False,False,False,True
a0d5633fe92946ea39b59d2fd89d249c,delivered,2017-12-28 15:32:45,True,True,False,False,False,True
04770bff63a120fbf0eea1f62b84f8f0,unavailable,2017-02-01 21:07:12,False,True,True,True,False,False
5a528ee290cb0fa6e22acf467ea33c09,delivered,2017-03-13 16:15:38,True,True,False,False,False,True
a91fed0c79559403d648c1161a2d8500,unavailable,2017-10-30 11:46:41,False,True,True,True,False,False
97b22dcad89f4916db427544e655d1b2,unavailable,2017-05-15 10:57:13,False,True,True,True,False,False
0e6dbbc7484dc1ee0392c9ca801035c2,canceled,2018-03-01 22:40:51,False,True,True,True,False,False
d7a2d4a7a03831ac687a53e339593570,unavailable,2017-03-03 18:15:37,False,True,True,True,False,False
629a524cbbd0a42a04f87ad39648d4ca,unavailable,2018-07-12 20:26:19,False,True,True,True,False,False
ec88157ad03aa203c3fdfe7bace5ab6b,delivered,2017-12-15 13:01:26,True,True,False,False,False,True
bac8ca7a0aea7f37457fb19140d2c5fb,unavailable,2018-01-04 11:42:53,False,True,True,True,False,False
f4dcd6f5120e9e46509a58be9e7462f2,shipped,2018-08-02 16:04:26,True,True,False,False,False,True
68664ce4c84bcf1e6682d90992c7504d,unavailable,2018-03-01 09:33:06,False,True,True,True,False,False
bb6a7f8cd819560d278d618a0673dd4b,delivered,2017-09-19 10:33:10,True,True,False,False,False,True
ecb1a8e8b5c6316fe7891f7b556fee28,unavailable,2017-02-07 00:18:03,False,True,True,True,False,False
3859aef969659dcc5439967f8ffbbc07,unavailable,2017-07-12 08:13:51,False,True,True,True,False,False
92acd9b1e9af0117eee9aa972e0a4841,unavailable,2017-11-22 20:57:12,False,True,True,True,False,False
94ab04bddd7b1b7e183c95cce062c3f5,delivered,2017-07-05 17:00:12,True,True,False,False,False,True
7533138abe254f5d3856101e4a21e5f2,unavailable,2017-11-17 19:42:36,False,True,True,True,False,False
e72e22dce48aaee824371b8e02641f15,delivered,2017-10-16 10:31:44,True,True,False,False,False,True
607cf95d7f8a8c1590f421fecdf0d95c,unavailable,2017-11-15 18:34:26,False,True,True,True,False,False
45daa18f4e3e34c727128f6a775fff95,unavailable,2018-01-07 13:49:11,False,True,True,True,False,False
acbcf9f01dae9955841ae74fa15840fc,delivered,2017-12-06 10:42:54,True,True,False,False,False,True
097dcfb34c6a0d697daa747d943dc1e8,delivered,2018-03-18 17:44:13,True,True,False,False,False,True
19428d94d47ebaa715faa60f63186de6,delivered,2018-01-29 11:30:46,True,True,False,False,False,True
759f94e96d5f349e21653a23e4104bf9,delivered,2017-12-24 19:46:42,True,True,False,False,False,True
6338011716bfe53b960847be47479662,unavailable,2017-11-16 12:28:25,False,True,True,True,False,False
90e258ad907d8401c4f1107ea9e55f1b,unavailable,2017-09-25 16:03:27,False,True,True,True,False,False
4ffd41fadb59bd398d869be78f1b2be3,unavailable,2018-03-26 09:37:59,False,True,True,True,False,False
62492d216bd7ca39cab1f24109b6bfd7,unavailable,2017-11-05 08:26:50,False,True,True,True,False,False
2636a02ee7de9590df86a4c24b739c49,unavailable,2017-06-29 09:10:37,False,True,True,True,False,False
186d3cd768be1890d832106f914ba37c,canceled,2017-06-09 10:16:21,False,True,True,True,False,False
8603de8fb5551ed7faf81d2a31b8bf0e,unavailable,2017-06-11 17:40:22,False,True,True,True,False,False
5b93109649fd0855758bb61ef5fc3d37,delivered,2018-04-10 17:50:13,True,True,False,False,False,True
a6f980db92567852107fe54fa64726f2,unavailable,2017-10-28 10:33:24,False,True,True,True,False,False
208edba34ba9cf8d8f603672e1966b75,unavailable,2017-05-08 17:41:44,False,True,True,True,False,False
c038b4c610ae79ae8e3d191f7293fbae,unavailable,2017-02-01 13:56:13,False,True,True,True,False,False
6768cb78210385f2578f95a1329fe903,delivered,2017-12-12 21:08:28,True,True,False,False,False,True
24197cf765af52797f30b528ab2af7ea,delivered,2017-03-31 16:18:40,True,True,False,False,False,True
b94d017913e0b697201de9ec22c23f46,delivered,2018-08-16 10:11:23,True,True,False,False,False,True
556c0a42a8e9e57a6e411701908f0fd3,delivered,2018-07-09 03:40:22,True,True,False,False,False,True
1662797f04736ea5acb5de67d5672fcc,delivered,2018-03-16 19:39:14,True,True,False,False,False,True
294b367987f073eb316ecef17f1078a0,unavailable,2017-09-22 10:00:20,False,True,True,True,False,False
ebcb685bc1704615fc22e5a0b73f2dc7,unavailable,2017-05-24 19:10:03,False,True,True,True,False,False
67769a73846d87e262821ff4761545d4,delivered,2017-04-25 16:33:00,True,True,False,False,False,True
0f9dcd718955037bf65c97edcee390ff,delivered,2018-06-26 23:44:15,True,True,False,False,False,True
5ca70501fc222cd2653be2b9993e4a8d,delivered,2018-03-12 09:56:01,True,True,False,False,False,True
9566b36fbba7756a79b5d2cba4e058d9,unavailable,2017-07-10 16:47:00,False,True,True,True,False,False
498081e5523106ea57b698fb881fb1c8,unavailable,2017-05-16 17:26:24,False,True,True,True,False,False
2e9d8db9e132a9b5e1236618b7e8ef4a,canceled,2018-08-09 18:42:38,False,True,True,True,False,False
b87c9466fb7a6b04a632222b07c1922d,delivered,2017-09-15 11:59:48,True,True,False,False,False,True
5d9e1e0e7084f2f9e90a7069e64cba61,canceled,2017-11-05 13:58:19,False,True,True,True,False,False
2c44ef48e157c9a43e9998da9a3248bd,unavailable,2017-07-17 15:43:37,False,True,True,True,False,False
0e64b89242bbb62b8ea29c57fc8073fb,unavailable,2017-11-23 10:53:08,False,True,True,True,False,False
5abf37ab57e23f69a9c8ab98c4800273,canceled,2018-01-28 00:25:15,True,True,False,False,False,True
d265c4938775151455ccd396e3261cf3,delivered,2017-05-20 00:19:41,True,True,False,False,False,True
d40dbedba7f8e8c83567c4096c8ab8c1,delivered,2018-04-03 11:34:06,True,True,False,False,False,True
a97db97f3de8482639f040b8e6a81be3,delivered,2018-03-01 02:46:15,True,True,False,False,False,True
4ba72cb793dc362c1195e6237b2c936f,delivered,2018-04-17 21:21:49,True,True,False,False,False,True
0f7384f686835a44a5051256f65b5b8e,delivered,2018-02-15 21:07:09,True,True,False,False,False,True
e2a5a9157ae607d38cdb1593f74c0686,unavailable,2017-11-24 13:40:14,False,True,True,True,False,False
8ad27f298f11ab1248784468b3fa24e0,unavailable,2018-05-07 15:27:22,False,True,True,True,False,False
cf95215a722f3ebf29e6bbab87a29e61,delivered,2017-08-25 17:14:15,True,True,False,False,False,True
03227bf7c543bbee4efa38bb6c6763c8,unavailable,2017-09-08 17:57:39,False,True,True,True,False,False
d5b96096b282a551c36fc1d4a9bb2f75,delivered,2018-04-30 22:12:33,True,True,False,False,False,True
252788350f9dad30b31847845fe119fe,canceled,2017-04-23 14:58:37,False,True,True,True,False,False
b52571bcd79c8d0e16272c548228a5a4,delivered,2017-12-06 10:51:17,True,True,False,False,False,True
9a209e12ca9ee385ad1ce1510ecfd6fc,unavailable,2018-05-12 16:03:28,False,True,True,True,False,False
9a8fb2a3a77dab1c301506cd5af2e845,unavailable,2017-07-26 08:37:07,False,True,True,True,False,False
bcbd3afc999b3fa9dbd61efb370239dd,delivered,2018-08-16 12:31:47,True,True,False,False,False,True
5837a2c844decae8a778657425f6d664,unavailable,2017-07-17 22:11:13,False,True,True,True,False,False
bd35b677fd239386e9861d11ae98ab56,canceled,2018-09-17 17:21:16,False,True,True,True,False,False
3dfb50022bb703d781966370133ed7a5,delivered,2018-02-07 00:09:11,True,True,False,False,False,True
b642a3e08bfd10119c9b7e948c936e93,canceled,2017-02-03 01:03:44,False,True,True,True,False,False
0cafd6a7576a6aae0f891008a87f1546,unavailable,2017-01-20 10:31:53,False,True,True,True,False,False
00d0ffd14774da775ac832ba8520510f,canceled,2017-12-23 22:25:00,False,True,True,True,False,False
e884a5f13002803a9e393c21d0c1b257,delivered,2017-08-16 13:10:41,True,True,False,False,False,True
df173dfd3b854c43b8cb8b73c5dbcd15,delivered,2018-03-18 00:23:20,True,True,False,False,False,True
2ddc0120a9ee5d965a08b68f6a3e2885,unavailable,2017-09-24 00:24:28,False,True,True,True,False,False
aeef968fdf13e92d3b80306d114ed681,unavailable,2017-03-02 13:39:49,False,True,True,True,False,False
084d2c70d33f8b9a1e21393471844591,unavailable,2017-05-16 21:56:29,False,True,True,True,False,False
c71145d06b89602679deb5e8a297f10b,shipped,2018-04-05 19:38:05,True,True,False,False,False,True
3c0b55362db9e4d58bc57e08f27bc7f7,delivered,2018-05-24 10:08:31,True,True,False,False,False,True
60260cf275316912451558bb743bbfc7,unavailable,2017-06-27 10:51:39,False,True,True,True,False,False
07b9210fa8f57b996c79cb931e817393,shipped,2018-01-25 03:24:05,True,True,False,False,False,True
93274b931b5771bd02154c9b716168ba,canceled,2018-05-08 10:13:06,False,True,True,True,False,False
08ea65e91550ee222548404d16eb06b4,unavailable,2017-11-14 23:59:15,False,True,True,True,False,False
63802c52ced9ff923c962ecbf4b3a2a2,canceled,2017-12-03 11:32:32,False,True,True,True,False,False
cc0c2816e800ee2d10ad0d51f37ab289,delivered,2018-07-17 15:36:30,True,True,False,False,False,True
a0c1b0545665f839199e53177bc639f7,unavailable,2017-11-23 23:03:25,False,True,True,True,False,False
8c0ba0ee5bf1417ede40de0a3621f727,unavailable,2017-09-29 13:23:03,False,True,True,True,False,False
873950bfe2dcc227baea5f82f8f2a438,delivered,2017-11-11 12:36:42,True,True,False,False,False,True
e7e4ea34d176d9efab560f0db16925fb,unavailable,2017-11-30 06:57:07,False,True,True,True,False,False
8e084e8efad16f27d7f26e71af985ce2,delivered,2018-03-07 22:11:46,True,True,False,False,False,True
1ca238d5d47be7f4da4d8d22f33ed7ca,delivered,2017-03-09 23:42:58,True,True,False,False,False,True
151e44f3dd461fe0838b6f59f884749f,unavailable,2018-02-22 16:06:11,False,True,True,True,False,False
7fece9c7487cb93f6d37df78e2283d07,shipped,2018-04-11 21:29:11,True,True,False,False,False,True
a46e7e8e02915adecb392ad065121a51,delivered,2018-08-17 10:59:18,True,True,False,False,False,True
9674b842cc1b2c01f254872763800c1e,delivered,2018-07-31 16:19:44,True,True,False,False,False,True
2cce76800d1714350808d3b4c0a48d58,delivered,2017-05-20 16:37:21,True,True,False,False,False,True
8c8527960c6b98fe66936cff2603d394,unavailable,2017-07-03 09:12:25,False,True,True,True,False,False
26e91b596719ec194aaac895f6d2554b,delivered,2017-06-22 16:38:20,True,True,False,False,False,True
908e9be16fe93027637f6ffadae3bd15,delivered,2017-03-13 13:33:07,True,True,False,False,False,True
64a58e424494f1f8ed5895885b9dfe16,unavailable,2017-10-23 13:19:27,False,True,True,True,False,False
0a472c47d928bf4cd8b6a7a30345eeb7,canceled,2018-08-30 10:14:00,False,True,True,True,False,False
3213c825fd43c3d2aa27fed77ef29519,shipped,2018-08-07 21:40:46,True,True,False,False,False,True
3e721650e845549cd3268a5749f843fb,delivered,2017-12-14 18:34:09,True,True,False,False,False,True
9bd01f4522f8744273b5261450ee0c5e,delivered,2017-11-10 17:40:29,True,True,False,False,False,True
c0a44fead1bf940766c68e73c9224dd2,delivered,2017-07-24 20:56:42,True,True,False,False,False,True
8f95199a6809023bbfabcd9759bd04a1,delivered,2017-11-29 16:42:28,True,True,False,False,False,True
569d43a54c364df5b367ab33e96eacf0,unavailable,2017-10-31 08:50:06,False,True,True,True,False,False
6d928ae5792f61a71bb3e3e528bf4a28,unavailable,2017-05-06 14:18:42,False,True,True,True,False,False
80ef3cee33c2462dc72f8938e980a03e,delivered,2018-06-23 21:46:52,True,True,False,False,False,True
95251874fe384d74df990ccb85bea4ab,unavailable,2017-07-05 13:55:19,False,True,True,True,False,False
d4938fbb008a69c486b8f17c96739905,delivered,2018-06-22 11:48:30,True,True,False,False,False,True
e9c638926bb5ae1721803a4947acd5dc,delivered,2017-07-06 01:37:52,True,True,False,False,False,True
ccd4eb95e68cb64e666ddcb84f8dfb1e,canceled,2018-03-05 22:57:35,False,True,True,True,False,False
6a30e349ceba14fcd64f13c3fd62aed3,unavailable,2018-03-10 01:56:16,False,True,True,True,False,False
0a9c633395c19d5fa38b9e5313db37a6,delivered,2018-03-01 21:21:22,True,True,False,False,False,True
c47e4de55f6735f7ddc4c6026769d569,unavailable,2018-02-28 17:29:34,False,True,True,True,False,False
d0f5d1785b4b1dd03967007b09457903,delivered,2018-03-09 20:47:26,True,True,False,False,False,True
f0f94b7c7548150f33f5d9e7597d396f,unavailable,2018-05-25 19:17:35,False,True,True,True,False,False
b4ec6d93789e37e779f86f3b7a9982e5,unavailable,2017-10-10 09:25:47,False,True,True,True,False,False
965894a29e84a767db7030a6829aa075,delivered,2018-07-02 19:51:20,True,True,False,False,False,True
752c0993c4993edea8eac33fda648244,unavailable,2017-11-22 13:44:56,False,True,True,True,False,False
23fdd0e16ad79ceab4e5f407772d64fa,unavailable,2017-03-20 15:29:38,False,True,True,True,False,False
d8198b1933966d7baf7a7d758bdde142,unavailable,2017-08-09 13:34:56,False,True,True,True,False,False
27d17edfd5ccc5524ae9a11fa1d2daf9,delivered,2018-07-14 11:08:21,True,True,False,False,False,True
ca07593549f1816d26a572e06dc1eab6,delivered,2017-02-21 23:31:27,True,True,False,False,False,True
ca9d82b594244464dddfac0959180268,unavailable,2017-08-09 12:26:30,False,True,True,True,False,False
f77e96b95a568b64ae8fbf7a413c3c4e,shipped,2017-12-03 20:25:13,True,True,False,False,False,True
4a5a57c482bf855e998fb45fc1173c83,delivered,2018-01-19 23:09:18,True,True,False,False,False,True
e73eff9d5a06990f389e11a7f731af85,delivered,2017-05-10 15:44:46,True,True,False,False,False,True
baf1b12b26680071c8851fc697020e62,shipped,2018-01-21 15:41:59,True,True,False,False,False,True
24257d104a3908bfd7b8bc9f6e1a2039,delivered,2017-08-03 20:07:27,True,True,False,False,False,True
ae22bdc244206a1adac2358b09ad3ab0,delivered,2018-07-20 23:01:59,True,True,False,False,False,True
a84212c880e5635e2a0888ba25c027c7,unavailable,2018-05-11 15:25:59,False,True,True,True,False,False
940018724d5c0c1847f642dc1d8d0ea2,unavailable,2018-04-19 14:23:49,False,True,True,True,False,False
2326391ae5a49ca43aec4e487b6a2d38,shipped,2018-05-15 18:06:09,True,True,False,False,False,True
e9f308c243d53135de5a481bf3a9cb86,unavailable,2018-02-10 11:14:30,False,True,True,True,False,False
2717f8342150ce1ceff315167e350ad8,delivered,2017-06-03 13:13:42,True,True,False,False,False,True
eb3c2af8fb549b98c453e7bfb641da91,unavailable,2017-05-09 09:37:25,False,True,True,True,False,False
fce519e8efb0019251a9379e9bd86a0c,shipped,2017-07-25 23:39:24,True,True,False,False,False,True
60d7d8686099e4682199966963c66ae2,unavailable,2018-07-13 09:24:40,False,True,True,True,False,False
a3beebf1efa956ba70cf01a80c483367,unavailable,2017-10-12 15:15:50,False,True,True,True,False,False
e80d26af187e86a23accb193a999be40,delivered,2018-07-14 10:37:55,True,True,False,False,False,True
ad9a8214948a5bbd4fa03af2ea598a20,unavailable,2017-05-07 21:27:38,False,True,True,True,False,False
3a64848764705419900d8390cb2ed7cb,delivered,2017-12-04 10:07:57,True,True,False,False,False,True
1a41f24ba682e06e82dd1ce5f77b6f5e,unavailable,2017-07-09 13:28:08,False,True,True,True,False,False
4d59cc2a2e7bb6c0a851725f5888a9b5,canceled,2018-09-06 14:50:07,False,True,True,True,False,False
2c2ad0e6636d842e7f1eead45cdc6065,delivered,2018-03-15 14:53:01,True,True,False,False,False,True
5aaecad5e5cba1ebc5ba1d2b22c98d7a,delivered,2018-07-13 21:47:16,True,True,False,False,False,True
7582b8c10039cceafcfe7b13e41a91e2,canceled,2018-02-07 14:27:34,True,True,False,False,False,True
7c496cea7613c2efe6033e93e573347f,unavailable,2017-11-23 19:46:09,False,True,True,True,False,False
ac1ba3d6cc5dbfbe4ebb5db9d2039bcc,delivered,2017-10-29 13:40:05,True,True,False,False,False,True
52dfaf3e430903d40571c0eb44d324b5,unavailable,2017-02-16 20:55:53,False,True,True,True,False,False
2c885b285dce307562d7f4caae89c6dc,unavailable,2017-09-07 07:46:20,False,True,True,True,False,False
61839bad7238b99a645d22f47028722c,unavailable,2017-10-06 20:05:06,False,True,True,True,False,False
7a4df5d8cff4090e541401a20a22bb80,created,2017-11-25 11:10:33,False,True,True,True,False,False
4a5cf649e3eb500fc079aace5f03583e,unavailable,2018-03-05 14:37:40,False,True,True,True,False,False
20a13178dae2376d9e14f7599f05400c,delivered,2017-11-27 07:16:47,True,True,False,False,False,True
1770ee9dc600eccda7bfb6c56562b91d,unavailable,2017-08-22 19:54:54,False,True,True,True,False,False
333949e8d3532d52be513adc226bc7a5,delivered,2018-05-17 16:39:45,True,True,False,False,False,True
171398a0cd843c65ac78aee9e05a1f49,delivered,2017-01-18 16:07:37,True,True,False,False,False,True
c21e65a4acbd5b33beb95820d4894e22,invoiced,2017-11-24 11:17:26,True,True,False,False,False,True
8d1177e3fcee9f6f1985cc468d87a7d1,delivered,2017-12-09 17:59:47,True,True,False,False,False,True
2934eab588f70ed4ddd8e9f4abf517fb,delivered,2017-05-28 02:29:51,True,True,False,False,False,True
d6bf93d827293f0b9a1582be0719a1e3,unavailable,2017-09-20 17:48:30,False,True,True,True,False,False
6e4f6fdc70c0d961b8597e98430b8d4f,shipped,2017-05-07 23:32:33,True,True,False,False,False,True
760de0e8fab552d849d1b3055ed21fd5,delivered,2018-02-19 10:17:05,True,True,False,False,False,True
6836f681dde1414dbb28f92af526ae2b,delivered,2018-01-23 17:37:32,True,True,False,False,False,True
3a5271b57335b6f18985d213924b3ca0,delivered,2017-05-24 12:43:47,True,True,False,False,False,True
9af75af133e554afc286c77a5684cd6d,delivered,2018-01-10 10:27:04,True,True,False,False,False,True
b210c676cae65f95f7e08a49d195e1a1,unavailable,2017-07-21 14:40:21,False,True,True,True,False,False
81b7c7bbc8ec003eeb67d87441a6a148,canceled,2018-08-20 09:03:23,False,True,True,True,False,False
c4583fb919a75c51dfb38e60c34d29c2,delivered,2017-07-14 17:52:27,True,True,False,False,False,True
b4ef4b05fef13db5a94b0ccd497c521c,unavailable,2018-07-12 09:41:54,False,True,True,True,False,False
6684a2469619cc89b92f6065a0fdccb8,delivered,2018-02-06 00:05:32,True,True,False,False,False,True
5ae7a6fa175ab7b180b6c0142e5466e9,unavailable,2017-02-03 16:08:21,False,True,True,True,False,False
feedf8f109c19b01f36d6d87eb1e5dbc,delivered,2018-05-21 22:01:13,True,True,False,False,False,True
5034308872e3b0e7c30ab14859feef53,unavailable,2018-01-18 17:41:34,False,True,True,True,False,False
574accd5d1addd79bc32cb3effecf05b,delivered,2017-11-26 17:52:26,True,True,False,False,False,True
798738fb83403d78d10892ac46cf8065,unavailable,2018-01-24 18:44:14,False,True,True,True,False,False
e706765d0ab55ce790c7713ddc4e1ecf,delivered,2017-05-01 10:20:06,True,True,False,False,False,True
736dca37c6d52d16556556bdd7d208ff,unavailable,2017-12-04 13:01:38,False,True,True,True,False,False
41fecd3ee080963d54b99007e1393f97,delivered,2018-02-21 17:01:32,True,True,False,False,False,True
f1ee3463a2c0ddd328a63ac9db6af746,unavailable,2018-03-15 19:08:52,False,True,True,True,False,False
62c0ac109b07c5ee88e4af0defbcd93a,delivered,2018-01-06 19:09:04,True,True,False,False,False,True
a68ce1686d536ca72bd2dadc4b8671e5,shipped,2016-10-05 01:47:40,False,True,True,True,False,False
3c21823fb08a6a2ff770877efffb1c1a,delivered,2018-02-08 21:58:29,True,True,False,False,False,True
fb52772040f4324904abfd196ab908f8,delivered,2018-04-02 14:55:04,True,True,False,False,False,True
15ec3d48383c58c0dc96cd66f8884630,canceled,2018-08-23 15:17:19,False,True,True,True,False,False
294bc47f2c556ebbec32a74c4811efd5,unavailable,2018-02-26 21:32:49,False,True,True,True,False,False
232674aa2334edfdd9c2dbe346291712,unavailable,2017-11-09 23:51:34,False,True,True,True,False,False
dd1341091b6a6b619079944b4aa45eb7,unavailable,2017-09-23 11:36:05,False,True,True,True,False,False
a722dd5ab3a3cf4065a47d75a502fdab,delivered,2018-04-02 14:56:53,True,True,False,False,False,True
410d704bdcbe2893fd5ad73fe8166f43,unavailable,2017-12-10 15:25:51,False,True,True,True,False,False
e739161210dba9b6debb04897d5e7046,delivered,2018-01-03 21:07:26,True,True,False,False,False,True
33fe1cb532ac16a48902980e00c26da6,canceled,2017-07-25 19:26:15,False,True,True,True,False,False
b6d6730512437da0a234e99ea7885212,unavailable,2017-09-04 09:44:46,False,True,True,True,False,False
a3b2201d0e95f595df90c26c8dae015f,delivered,2018-01-12 19:43:25,True,True,False,False,False,True
d27cfc6c8d78bf11f6a4718f21ef6b01,delivered,2017-02-20 16:53:03,True,True,False,False,False,True
df8c077268f7f3baaac0892eb3143642,unavailable,2017-02-01 00:04:17,False,True,True,True,False,False
fa5dc4c3b8326a0da88dc49b20e0ed27,unavailable,2017-11-17 20:08:03,False,True,True,True,False,False
0d3adebce4bebc1f80a7f36e9833f497,canceled,2018-09-03 18:40:50,False,True,True,True,False,False
930f7f40db5f938e56fbc1bdcd1bb28b,unavailable,2018-02-16 20:04:22,False,True,True,True,False,False
f87f3a5e91df877dc36b65fb69ff2465,unavailable,2018-07-30 21:49:41,False,True,True,True,False,False
9bc5c73ed95bec088ff04d924946fa45,unavailable,2018-01-14 21:32:20,False,True,True,True,False,False
4a44e928d587e7cd7068ea354471c477,canceled,2018-06-05 13:51:50,False,True,True,True,False,False
38422d02f6afe2fd7a700d046a3cabee,shipped,2018-05-22 15:04:49,True,True,False,False,False,True
b837d07aca063bfa379766bb6740fdf9,unavailable,2018-05-06 20:12:33,False,True,True,True,False,False
16bd72af325ac043d6194e490e2f0f06,shipped,2018-04-29 13:02:12,True,True,False,False,False,True
b316ba513e4b801aada1b9a255b327d6,delivered,2018-02-23 08:59:16,True,True,False,False,False,True
4a0d049ee6c82b3348a21bb211c0a44d,unavailable,2017-06-07 09:53:30,False,True,True,True,False,False
115b01b1f77f0e02812425b6f5cd8f2f,unavailable,2018-01-19 00:08:45,False,True,True,True,False,False
0990477f1481cdf40c00d57bb13a1c9b,unavailable,2017-04-20 19:01:56,False,True,True,True,False,False
842784b3b697f1dbb51781a20352709a,unavailable,2017-09-05 17:32:12,False,True,True,True,False,False
2c9c2c96702997c879d75f927b76165e,unavailable,2017-09-24 10:45:10,False,True,True,True,False,False
0e78cb0dc0e9e34f24bab8c86de949f1,delivered,2018-07-29 19:48:57,True,True,False,False,False,True
6c16d886be4fe03174a289a4ca70a775,canceled,2018-06-05 15:06:16,False,True,True,True,False,False
71c0d1686c9b5556355dc29a0f5cf8dd,delivered,2017-11-26 19:11:20,True,True,False,False,False,True
ada8c993c9ef5f3e6705c9ea4af1a1d9,invoiced,2017-04-24 13:37:12,True,True,False,False,False,True
a84cd46a772fbff921cbcad46c4f5a53,delivered,2017-08-19 17:10:17,True,True,False,False,False,True
47bd649b812fd8ecc28320c466974088,unavailable,2017-11-27 10:50:08,False,True,True,True,False,False
cf8ba1509b00eca37b08289371dbbf0d,delivered,2018-01-08 12:29:43,True,True,False,False,False,True
c3cf38b5ae4bba4ccb2082824d3066e0,delivered,2018-02-19 11:58:27,True,True,False,False,False,True
f0d9a9e5ae6be6b5b74b1d58208e6261,delivered,2017-12-29 11:10:34,True,True,False,False,False,True
c776863a93dc0740c6e7d78104b21413,delivered,2016-10-10 15:01:27,True,True,False,False,False,True
c02d29676287677de34ae218da13f8d1,delivered,2018-01-20 08:41:44,True,True,False,False,False,True
fcfe1ea18aae8ae4a08253fd4060a763,unavailable,2017-02-11 10:36:04,False,True,True,True,False,False
44b4829b58167b697a69c8aa8eb64733,canceled,2017-03-01 11:26:37,False,True,True,True,False,False
1857e77a4bad8abb2db929f107430663,canceled,2017-08-31 23:55:57,False,True,True,True,False,False
e889aad082e12cd57386cac961a62d61,delivered,2018-01-24 23:12:41,True,True,False,False,False,True
b87fe28d8d70119601f63b7b131e7af0,unavailable,2017-04-01 16:47:25,False,True,True,True,False,False
bb8edfe0742a6a0279b7dff848289568,canceled,2018-08-30 10:24:34,False,True,True,True,False,False
03d1edbd314ca7682ec0f3e67d3763e2,unavailable,2017-06-29 20:04:14,False,True,True,True,False,False
00bca4adac549020c1273714d04d0208,unavailable,2017-02-14 14:49:29,False,True,True,True,False,False
cdf36cd4632fe33085adec5cf3d6b306,unavailable,2017-02-25 20:20:04,False,True,True,True,False,False
8cf161212f0485db7a520d56b5cc724e,delivered,2017-06-01 00:41:00,True,True,False,False,False,True
2e935fa1d39497aa0ec3f1107fbfb5b8,unavailable,2017-09-29 14:07:03,False,True,True,True,False,False
38c2ff711e43f0a1fbd53318ec252e21,delivered,2018-05-07 11:26:23,True,True,False,False,False,True
a2621d414c9c28d85816bbc9f2e8980d,unavailable,2017-09-22 15:42:18,False,True,True,True,False,False
b07f5a2d7ebcfcb4f2ea4c8ff180e81f,delivered,2018-03-04 10:48:32,True,True,False,False,False,True
02e723e8edb4a123d414f56cc9c4665e,canceled,2017-08-18 14:30:19,False,True,True,True,False,False
861fa2fc596992bd6ea8bbf16cce85a4,delivered,2017-05-27 22:15:25,True,True,False,False,False,True
139c8eebc7139b2a1d860e4ea3d98b80,delivered,2018-01-20 00:41:51,True,True,False,False,False,True
fbc0e39ffd844ed939344840824834d5,delivered,2017-12-04 10:51:02,True,True,False,False,False,True
4684c8d4e250ac300b203b44658449a9,delivered,2017-05-21 11:02:17,True,True,False,False,False,True
870262a84754d5ee151a8be2554a5bc6,delivered,2017-10-04 15:21:35,True,True,False,False,False,True
85fc293d3e0bf416c547c15d991e096a,unavailable,2017-12-07 20:38:53,False,True,True,True,False,False
30945faa37e8264ea2815f7bf799adf0,unavailable,2017-01-31 11:40:55,False,True,True,True,False,False
ec60e48662eb9eaf9ae685a3afa56518,unavailable,2018-02-21 09:55:14,False,True,True,True,False,False
56740543d19104f08eee3703abfcfa59,delivered,2017-08-16 10:44:29,True,True,False,False,False,True
519e95ec3690f5210a76432619778e31,delivered,2017-11-09 19:59:01,True,True,False,False,False,True
a146cb08a9ef742c36b2e4052d3a24b2,delivered,2018-06-12 17:50:35,True,True,False,False,False,True
5f6b520cff06f23c77386b75976256e9,delivered,2017-01-31 11:58:52,True,True,False,False,False,True
05cd156f0f47579a36d7a52724fc31b8,delivered,2017-01-14 18:27:28,True,True,False,False,False,True
08ee9c1b1da47ffd2a7c7163aa134b16,unavailable,2017-08-04 21:47:44,False,True,True,True,False,False
fefacc66af859508bf1a7934eab1e97f,delivered,2018-07-25 18:10:17,True,True,False,False,False,True
f5e0327c97a90df59977a815f6e4453c,unavailable,2017-12-06 14:39:11,False,True,True,True,False,False
7aec7711c4f60453a59bf2f85d18187f,unavailable,2017-10-11 10:40:41,False,True,True,True,False,False
db62e0a0d6c8476c079bda2174228551,unavailable,2018-08-02 12:05:49,False,True,True,True,False,False
a229af912d66e534353b1fa59daef44b,unavailable,2017-10-27 10:04:29,False,True,True,True,False,False
9cdc72b55b79350079c72ed8a2e8ee17,delivered,2018-05-09 15:45:12,True,True,False,False,False,True
a079628ac8002126e75f86b0f87332e4,delivered,2018-04-24 10:19:45,True,True,False,False,False,True
670e3b20191d3198a76069c8f9b12355,canceled,2017-02-03 00:55:24,False,True,True,True,False,False
ba2821b49c92e278db491d3e19fa0556,canceled,2017-05-02 17:51:28,False,True,True,True,False,False
9abe82df39e950e1e0c1a5969e22571e,canceled,2017-03-21 14:45:36,False,True,True,True,False,False
a3777b94ef07749f031ade4ae824ddb2,unavailable,2017-05-30 20:06:02,False,True,True,True,False,False
dafb12075abc3168e9addb5ccf7a02c5,canceled,2017-07-16 21:59:33,False,True,True,True,False,False
314313f56bd89ca04231bb9378291806,delivered,2018-04-23 21:10:23,True,True,False,False,False,True
8dff5f86ffac550293fa1de6e64cfe08,delivered,2018-05-22 23:33:43,True,True,False,False,False,True
561bf26c30573110a8a2d484985b3419,delivered,2018-03-12 08:20:13,True,True,False,False,False,True
c143d4b65e016cb4f04c7a723a4f55ec,delivered,2018-03-30 21:13:36,True,True,False,False,False,True
397fc3f6922c5bc66bbb9701bd117b6d,delivered,2018-02-26 13:35:45,True,True,False,False,False,True
d9f0325894bf21440caaed1e42006eaa,unavailable,2017-11-12 12:20:04,False,True,True,True,False,False
1d5685dc33b104f71bb3a8709255c729,delivered,2018-07-20 01:22:03,True,True,False,False,False,True
61bc37c42c68767e75243b8c2061f5aa,unavailable,2018-01-11 15:07:19,False,True,True,True,False,False
abfacef50a27d7cea3f2c7aa60c08245,unavailable,2017-09-29 13:55:25,False,True,True,True,False,False
7fb6586ab530ed69383ddde20ef388f9,delivered,2018-03-02 10:22:22,True,True,False,False,False,True
c27a26005da9b758c804674cc9aa2da1,delivered,2017-02-27 20:35:32,True,True,False,False,False,True
cd94dbdc801da0cd93b0c8f33663973d,canceled,2018-02-21 20:54:45,True,True,False,False,False,True
e548f19535ce3b22126e497bcc5d6e16,delivered,2017-07-15 22:45:51,True,True,False,False,False,True
1ddedd282e921efe5e3e931f5a1369d9,unavailable,2017-05-25 23:08:04,False,True,True,True,False,False
1a496064ceafeee379d9a37e8010e7e5,delivered,2017-08-28 16:14:45,True,True,False,False,False,True
779c5a7c2cd3e729d3195fce1837445c,delivered,2018-04-10 16:18:42,True,True,False,False,False,True
2663ce3526465b7ee9809428adabdc45,canceled,2018-08-30 13:07:46,False,True,True,True,False,False
92d731517f17c26f16182d45498c4c3d,canceled,2016-10-05 11:23:13,False,True,True,True,False,False
e3911e9d71dfe83390a806612556c49b,unavailable,2017-11-13 17:35:24,False,True,True,True,False,False
df2f177b04bac67798590bc71213dcc2,unavailable,2017-11-17 15:29:22,False,True,True,True,False,False
51aa2039fc98dc9e49bc883ead78ae54,shipped,2017-07-02 13:30:49,True,True,False,False,False,True
023faf5fac58639f7cf53cb7dd219859,delivered,2018-01-14 20:18:38,True,True,False,False,False,True
815f08745d6a759deb919c5e1bce8301,delivered,2018-02-08 09:41:47,True,True,False,False,False,True
03a3628434dd670dd5b9896337451c86,delivered,2017-07-20 19:26:06,True,True,False,False,False,True
d177b7c08ed2934d5888e7fd236d42e1,canceled,2017-08-17 13:20:41,False,True,True,True,False,False
bfbd0f9bdef84302105ad712db648a6c,delivered,2016-09-15 12:16:38,True,False,True,False,True,False
38ff29b6f54b264f8992081bcd3f3c6e,shipped,2018-04-28 17:51:24,True,True,False,False,False,True
19d3484384a0e1eef23357b8c193bd86,unavailable,2017-11-02 22:33:01,False,True,True,True,False,False
7e28ace88f5848adf24d9771e1ca2a62,shipped,2018-01-13 22:59:33,True,True,False,False,False,True
29557adf1f00504612cbebf82c843d77,unavailable,2017-04-22 16:14:48,False,True,True,True,False,False
cfce0ad0c924cecbe5fde10535420084,unavailable,2017-05-07 20:39:35,False,True,True,True,False,False
425c277055776f14d8d66b86692a6428,delivered,2017-10-27 13:13:07,True,True,False,False,False,True
869eb48662057e0341d47dae5334b693,unavailable,2017-10-31 22:14:54,False,True,True,True,False,False
ecb4506fc58364816a5133b8abf1f645,delivered,2018-05-03 15:56:00,True,True,False,False,False,True
c2b0ee6a1e5f209275ed0f373614b9b2,delivered,2018-03-13 16:55:48,True,True,False,False,False,True
845f40bea2ead3894b6d95b621e108c0,unavailable,2017-02-06 20:27:06,False,True,True,True,False,False
9ae23540f2733800190476b85aa910cd,shipped,2018-03-12 10:32:11,True,True,False,False,False,True
0b398dbb3e7c81005f3c69b01488c4c9,unavailable,2017-09-27 20:51:53,False,True,True,True,False,False
17825f24877a9289214c301ae0c9424b,delivered,2017-05-11 13:48:47,True,True,False,False,False,True
a2ccba6b49ba609c283317d2754b4fa4,delivered,2017-12-11 12:09:34,True,True,False,False,False,True
21a00b08cbeb5716bbb66105e3dbd850,canceled,2018-09-10 17:51:25,False,True,True,True,False,False
a0c1632c3bd45c48bed924a7dae3a664,unavailable,2018-02-17 15:48:11,False,True,True,True,False,False
759d3dd8671b3c60e168fbcef417a033,delivered,2017-09-05 14:31:21,True,True,False,False,False,True
fbb8b95a779702d51ecf6fa530a997d4,unavailable,2017-07-06 08:47:05,False,True,True,True,False,False
34cea4a1fdf5fefdf4d48d7dafe53911,unavailable,2017-10-15 18:50:09,False,True,True,True,False,False
83cb604e747a6aacb0a7e425f0b21a77,delivered,2017-06-19 22:37:10,True,True,False,False,False,True
b97ba48cd74f9ae244f54338636046b3,delivered,2018-03-12 00:06:54,True,True,False,False,False,True
719b940ab2f1e351ffb14a0a02ffe3c4,delivered,2017-01-16 13:01:51,True,True,False,False,False,True
0c4d07bcd65a6ce95cbe8e8e228a98cf,delivered,2017-02-06 12:15:34,True,True,False,False,False,True
a2ac6dad85cf8af5b0afb510a240fe8c,canceled,2018-10-03 18:55:29,False,True,True,True,False,False
d2bc174d5c413f457a21db6899afb682,canceled,2018-08-09 09:50:42,False,True,True,True,False,False
c733bae44f0aa970fb902baf713a1372,delivered,2017-04-20 22:02:32,True,True,False,False,False,True
9bb824ec73ee38dbbc585f3bba4b34ac,delivered,2018-01-15 12:48:17,True,True,False,False,False,True
a44f35f58ca5ab5e5cf7fe66ffe9097a,shipped,2017-12-12 18:26:57,True,True,False,False,False,True
2c990009034e1fc83904584b26b5fd25,unavailable,2018-07-18 09:52:46,False,True,True,True,False,False
16b8c07980cc1e47a31ebb35d9222807,unavailable,2017-05-31 13:14:22,False,True,True,True,False,False
0efd0bc268d34da3f01f4ff25a6d4335,shipped,2016-10-07 15:53:31,True,True,False,False,False,True
d05cf40cb923ba228822414cc52067c3,canceled,2017-09-23 06:23:19,True,True,False,False,False,True
6a91f55a2fad58d1b580326cd07f5795,unavailable,2017-08-14 00:22:36,False,True,True,True,False,False
3caf6c286c8cde37ea9c0fb2da0e3169,delivered,2018-06-11 09:37:23,True,True,False,False,False,True
61a86f238895780d1ddc6344985537ef,unavailable,2017-11-24 23:53:23,False,True,True,True,False,False
0f503b220e9d1fd78562e41a427a0c6a,delivered,2017-09-09 12:12:43,True,True,False,False,False,True
1a5d21f44c73693b9930d0ca33a9d0b1,canceled,2018-08-16 17:50:14,False,True,True,True,False,False
4641a7999ca05850ee60509c213dc8ac,canceled,2017-11-20 12:48:37,False,True,True,True,False,False
b2673ed6360dc341a4728dbd632f935b,unavailable,2018-06-26 19:21:56,False,True,True,True,False,False
27c9a7fc93005e3344a0c1ffa6f931e2,delivered,2017-09-16 11:20:10,True,True,False,False,False,True
819adcd651eaa6b9ce751285bfb7e85d,delivered,2017-10-19 08:38:00,True,True,False,False,False,True
c609f82bcf7a90292a5940205ebd7e93,unavailable,2018-05-13 16:45:55,False,True,True,True,False,False
295458b743d8f806fbd5fb290d0b1b8d,delivered,2017-04-03 09:50:46,True,True,False,False,False,True
6ffcafc5934324a01c7758dde8a28513,delivered,2018-04-11 21:13:25,True,True,False,False,False,True
a24556b6b72ac70719c99dea12e0aa75,shipped,2018-04-28 20:46:31,True,True,False,False,False,True
6111350dd1f8b825ac82e9caea339f07,unavailable,2017-11-17 10:23:15,False,True,True,True,False,False
929fa720a53f0036ad3b444f08d59bc2,delivered,2018-01-14 22:45:12,True,True,False,False,False,True
e723fd90e2d095c2762e5e800d759bfa,shipped,2017-11-25 17:14:25,True,True,False,False,False,True
ec323db17a13fc07c4b07f0f7f86986d,delivered,2017-12-09 17:59:48,True,True,False,False,False,True
a2bcbea8668a0d93334cf7f7fafe921d,unavailable,2018-02-12 15:38:41,False,True,True,True,False,False
7ecb6c38b166531663fdecce49dc1a6f,unavailable,2017-12-29 00:18:54,False,True,True,True,False,False
9c2e92a11614b3b94ef257a4eb8540d7,unavailable,2017-11-18 18:41:53,False,True,True,True,False,False
e9e56ab7d8e993bda2988ed430524126,unavailable,2017-03-05 19:52:00,False,True,True,True,False,False
de09bc4ff6a9de96b6895cd565f80e69,delivered,2017-03-11 19:23:25,True,True,False,False,False,True
d25ec5d787991580395a4dc72118db6c,delivered,2018-07-13 02:50:41,True,True,False,False,False,True
fd4c3a2912e854eedd463b329540da4b,canceled,2017-10-28 11:18:48,False,True,True,True,False,False
298b961b82fd30c53433ae821ba75aa9,unavailable,2018-07-10 09:56:11,False,True,True,True,False,False
6607ca536882b974ea594bc640b01519,delivered,2017-05-14 21:00:40,True,True,False,False,False,True
e0bacd42e5f8077488c0a9f4dcfe66da,delivered,2017-04-21 00:11:35,True,True,False,False,False,True
e804ad37d90d9c32dc3ae61e90a06345,unavailable,2017-12-06 19:30:43,False,True,True,True,False,False
5aac76cf7b07dd06fa4d50bf461d2f40,canceled,2018-09-25 11:59:18,False,True,True,True,False,False
5c673b6f0d8e4e50fabaf4428fd2f944,delivered,2017-12-06 13:05:37,True,True,False,False,False,True
8559fd18b5af843c5ee613c3b4b1bb95,delivered,2018-04-13 17:38:50,True,True,False,False,False,True
46ac809c6b319398df696f5668806fee,unavailable,2018-04-03 18:28:35,False,True,True,True,False,False
0ea5760bfbfe671160e0599cf68f1981,canceled,2018-07-18 09:56:16,False,True,True,True,False,False
5b9b9b9f3470db72620013b03eec2e3e,shipped,2018-06-03 00:35:47,True,True,False,False,False,True
32cf225a72e589313cd8d967203effc6,unavailable,2017-07-16 14:26:59,False,True,True,True,False,False
9a7e2fda18922ba60aba4f140aead4dd,unavailable,2017-05-05 14:01:47,False,True,True,True,False,False
d5ab426a149bfee66ff88db9c6a8836a,unavailable,2017-02-01 10:40:43,False,True,True,True,False,False
5989e29098198898f9fe8490e6040c6b,delivered,2018-04-11 21:14:26,True,True,False,False,False,True
0c68e2888d3fde2067bee5cc1c638f09,delivered,2017-10-17 16:01:18,True,True,False,False,False,True
ebb921d271b8b17989e08220637b921f,unavailable,2018-01-03 21:01:54,False,True,True,True,False,False
896fbd78a9ef3839b34b893f48f6bc67,canceled,2018-05-12 01:48:33,False,True,True,True,False,False
503e8daafed23dbae78ff210f2d41f0f,canceled,2018-08-20 14:16:15,False,True,True,True,False,False
9fa2b518229715cade50be6375126ebf,delivered,2018-03-30 11:08:04,True,True,False,False,False,True
6a491833d437ece196bf4185e6748271,delivered,2018-02-14 12:23:08,True,True,False,False,False,True
0010dedd556712d7bb69a19cb7bbd37a,unavailable,2017-10-21 19:32:06,False,True,True,True,False,False
8426c20fc1f780e653122762baef129e,delivered,2017-12-16 00:58:56,True,True,False,False,False,True
309688f286ca9fb39735664ba1e37b29,unavailable,2017-11-26 22:38:45,False,True,True,True,False,False
a92dbdbc5549075a9831481180d02575,delivered,2017-06-12 10:06:39,True,True,False,False,False,True
01efe0209a92b2f21f6e0edee4bd4eb6,delivered,2018-06-24 19:18:27,True,True,False,False,False,True
441e21387d52f5f2e85249669881fc79,delivered,2017-09-16 23:49:43,True,True,False,False,False,True
9adae62961a3cc489a66f4032ceb57a6,delivered,2018-01-05 12:33:07,True,True,False,False,False,True
82172f2c466d4e1298dab08c8f0e111c,delivered,2017-08-28 15:14:21,True,True,False,False,False,True
582fd4fa596ee1af88f153a5ba0523f2,canceled,2017-11-09 17:38:45,False,True,True,True,False,False
2fd46e293aaaeefa2497ae0f70843971,delivered,2018-02-25 13:42:18,True,True,False,False,False,True
dc7b936d5f26f7506fc2242764d07424,delivered,2017-07-02 00:19:41,True,True,False,False,False,True
c2832e2c3cb08be3037288b19cc7a6fc,delivered,2017-03-27 09:50:39,True,True,False,False,False,True
80423624a58421eb6e6d9fd07cafb406,delivered,2018-01-15 16:20:49,True,True,False,False,False,True
42ba338f99f42e0261e5897c7da157c5,delivered,2017-05-23 15:19:19,True,True,False,False,False,True
deb556fbebd4343315d9ab970392674c,unavailable,2017-07-25 20:49:16,False,True,True,True,False,False
00143d0f86d6fbd9f9b38ab440ac16f5,delivered,2017-10-16 15:29:43,True,True,False,False,False,True
ab2689fb3d9f1cf323c75b49d6a393e8,delivered,2018-05-04 15:59:47,True,True,False,False,False,True
816e9ea5a585767bf637afdfb6d536ed,canceled,2017-09-27 20:03:11,False,True,True,True,False,False
5bcdec60d84d4495d0d90b64a3e81804,unavailable,2017-12-05 15:25:11,False,True,True,True,False,False
9ede3a76d22fdfce4d6be1e75ab3e1a5,delivered,2017-06-10 13:07:05,True,True,False,False,False,True
8040bd2eb4b6e7cfcda94f1ccdcc703d,canceled,2017-05-03 23:23:55,False,True,True,True,False,False
f289bb2bb19d49b2e6aa64cb10b0e4bc,canceled,2018-08-08 20:48:39,True,True,False,False,False,True
dceb6ab566e0d15ffaba53ef637afa3c,unavailable,2017-01-26 16:51:32,False,True,True,True,False,False
3ce1b0c541f9f11f10e841355e9caa7e,delivered,2018-02-18 16:08:24,True,True,False,False,False,True
44918cef2a112fc3f8e4a9b676e5ab23,shipped,2018-02-06 22:08:09,True,True,False,False,False,True
29d81fbe3a3300902407cf57272030c6,delivered,2018-04-14 20:31:47,True,True,False,False,False,True
869997fbe01f39d184956b5c6bccfdbe,canceled,2018-09-26 08:40:15,False,True,True,True,False,False
6d5e182d08759de50f1ddd6990a8ca61,shipped,2018-04-11 20:08:25,True,True,False,False,False,True
8e96b092573364fa542b5c5fb3a9d9a3,unavailable,2017-11-02 12:17:17,False,True,True,True,False,False
c9e893d2e32f6ca9988b30669eb71e5a,unavailable,2017-02-06 12:02:23,False,True,True,True,False,False
1fed6df7b405432dd6dc44693a35b86c,delivered,2018-07-30 12:06:23,True,True,False,False,False,True
2de1a5d0edd8626305f1255e91b7d473,delivered,2018-01-05 17:06:19,True,True,False,False,False,True
d124af20920be41458d0325b9827df31,delivered,2017-11-11 15:09:40,True,True,False,False,False,True
aaf3ed5d59c660ed5b94eb2dd4103ea0,unavailable,2017-10-07 14:01:14,False,True,True,True,False,False
a2dd87f10cd0b3cdb73c6ba52e333250,unavailable,2017-10-11 18:51:26,False,True,True,True,False,False
91663de20f19686d62e4dbc0087fcf62,unavailable,2017-07-08 09:55:28,False,True,True,True,False,False
3c8d85928df4e2df17662f0d9aad6027,shipped,2018-07-24 09:43:10,True,True,False,False,False,True
b635cbb9f7c2bc5de438f7429b8490e5,unavailable,2018-07-31 11:26:30,False,True,True,True,False,False
99b492e774feb838a15101dc48ecb6f0,canceled,2017-08-03 11:01:10,False,True,True,True,False,False
e349cfe864fffc00009b4cdbdd3a95ec,delivered,2017-05-16 14:02:59,True,True,False,False,False,True
286f1870198ca5f7249774729bb46a45,delivered,2017-09-30 15:15:04,True,True,False,False,False,True
51375acfdef4d742df94640aa60d385b,unavailable,2017-10-06 19:37:46,False,True,True,True,False,False
0dfb7076fde77db58fd962eb6bd91384,delivered,2018-04-28 16:06:18,True,True,False,False,False,True
60d89454741d31c6c07226c6069864dd,delivered,2017-06-29 09:43:18,True,True,False,False,False,True
1286029258c6e6c886f266c096f92db5,delivered,2018-04-09 13:11:55,True,True,False,False,False,True
f747f82cd6f4094876b1df81c7a50145,unavailable,2017-02-22 10:06:32,False,True,True,True,False,False
8256729fe396aa16538e1790e33851f9,delivered,2018-03-26 12:26:23,True,True,False,False,False,True
5c4e4e1d3abaee058758731094e9a7cc,unavailable,2017-12-04 10:49:52,False,True,False,True,False,True
05da04fd9f94dfb49fd643216d2cbe1f,unavailable,2018-01-04 11:33:15,False,True,True,True,False,False
58293f63cf0304768ab4811c0f4dbe17,delivered,2017-08-01 21:55:55,True,True,False,False,False,True
8e4090f70c05cc129247bc0edc095dbd,unavailable,2018-04-02 10:32:19,False,True,True,True,False,False
032cf17f7a713287e46999fddea6051b,canceled,2016-10-07 12:21:07,False,True,True,True,False,False
bc2851f553a887920c83a1367a23dded,delivered,2018-04-12 14:18:16,True,True,False,False,False,True
92caa5283abcb12faf71683ba259debd,delivered,2017-03-15 10:43:37,True,True,False,False,False,True
bd1befc72cade5c00562b4bfd1a85485,delivered,2017-09-18 13:42:17,True,True,False,False,False,True
6087f204aede647ef4720e5585966962,shipped,2017-10-21 23:02:57,True,True,False,False,False,True
a111f1d17afc3e76dd0c2428a96a7617,delivered,2018-08-05 22:13:55,True,True,False,False,False,True
c72e248317c3bee8d95d20602d8f435c,delivered,2018-04-27 17:02:54,True,True,False,False,False,True
de8f695cc30ff739ee50c1209638549d,delivered,2017-09-17 22:24:28,True,True,False,False,False,True
f12ff2a4932dcfb02448431710f346f9,shipped,2017-11-09 21:27:56,True,True,False,False,False,True
66b04218fe3a0af6ca54d243ecfb3737,delivered,2018-02-03 21:44:23,True,True,False,False,False,True
ba43195b0f997630dab0e5b6dae0a6ab,unavailable,2018-01-12 12:30:21,False,True,True,True,False,False
74aacfe89f7715e9d6655dd55c86da46,delivered,2017-12-20 19:40:54,True,True,False,False,False,True
f86d7bc39aab05299691322044b63bb2,canceled,2018-08-13 18:43:06,False,True,True,True,False,False
9e8886e41052169460274de999ba954c,delivered,2018-05-11 20:03:07,True,True,False,False,False,True
2fd164f74becbe83e1b81f3f3ab94d07,delivered,2018-08-02 17:10:34,True,True,False,False,False,True
24f686e03e134195c83dc3e2b6bf4cd0,unavailable,2017-05-08 14:20:50,False,True,True,True,False,False
8db43b1e3642a3227063d2517b63ecbe,unavailable,2017-03-24 14:35:51,False,True,True,True,False,False
f0b2f79f97e12f27b91c3570c725a81c,delivered,2017-04-21 20:05:33,True,True,False,False,False,True
aed5fd4c4ada58504679761465a6486e,unavailable,2017-07-07 10:48:37,False,True,True,True,False,False
f7f1e7aa2dda713297141d80375e9509,canceled,2017-08-12 19:53:24,True,True,False,False,False,True
8b564962527dd053cfc85c8fc98ad1df,unavailable,2017-10-09 16:38:21,False,True,True,True,False,False
ee8e24472be0999597648d72577ae895,unavailable,2018-02-11 11:23:28,False,True,True,True,False,False
9cb560230b18aed833770219fd165e16,unavailable,2017-07-12 18:26:00,False,True,True,True,False,False
6dd0cc64fed627388bf95943af884f70,unavailable,2017-07-10 14:17:01,False,True,True,True,False,False
ccb48770165d34335e1d156d6d2c6ec7,unavailable,2018-02-15 12:39:44,False,True,True,True,False,False
e9b32bb640bc64f9721e699a66fbaa25,delivered,2018-01-22 15:29:53,True,True,False,False,False,True
6559afcb08c9458feea561826c4a178d,delivered,2018-07-08 15:13:20,True,True,False,False,False,True
4cf65f650cc60791bfb99bbaa418faf9,delivered,2018-07-09 18:29:51,True,True,False,False,False,True
5fe0491bbf2891e0f240aee0fa0332a1,delivered,2018-01-08 16:39:36,True,True,False,False,False,True
828bedfd74953fea90c650c36afbd36a,delivered,2018-02-17 15:08:48,True,True,False,False,False,True
1f66f9bfd244a5383aeb00a84ad12a66,canceled,2016-10-10 10:49:54,False,True,True,True,False,False
8595563cdfdd7b6274ba3dfef7ab6ed8,delivered,2017-08-19 20:25:59,True,True,False,False,False,True
ef18f5dcc7b8a44cbdb1a14de4164bd1,shipped,2018-07-04 10:52:38,True,True,False,False,False,True
d05d7ff2f99a1360d7a4e4c902eee05f,unavailable,2018-03-28 10:43:54,False,True,True,True,False,False
ba6d92892febc6a5ca2dbae073427911,unavailable,2017-09-23 01:41:20,False,True,True,True,False,False
c306eca42d32507b970739b5b6a5a33a,canceled,2018-08-13 09:14:07,False,True,True,True,False,False
edefc0fa09c98cc491e9d2cf95ee4a5f,unavailable,2017-02-12 20:05:08,False,True,True,True,False,False
19bb130ea3cc2dab25b3bcf2097aa462,unavailable,2017-07-19 15:00:02,False,True,True,True,False,False
4637ca194b6387e2d538dc89b124b0ee,canceled,2018-09-03 14:14:25,False,True,True,True,False,False
4263f66dd6ea50568c4369369a163208,invoiced,2018-05-02 21:19:22,True,True,False,False,False,True
00aa423621f35a9ca6c6240f275b0640,delivered,2017-11-23 14:51:32,True,True,False,False,False,True
ee55010a370e987f203499f435a59847,delivered,2017-01-30 15:17:47,True,True,False,False,False,True
33d8795f04dd631f3480d7aaf90da3dc,unavailable,2017-07-07 21:17:36,False,True,True,True,False,False
7fd4b0e047195ca197c3660772a8d8c0,canceled,2016-10-08 07:02:33,False,True,True,True,False,False
ff71fa43cf5b726cd4a5763c7d819a35,unavailable,2017-07-19 21:53:57,False,True,True,True,False,False
c8c528189310eaa44a745b8d9d26908b,canceled,2018-08-28 20:05:14,False,True,True,True,False,False
53ec902459673efbbcb34dec981931d3,unavailable,2017-07-23 22:47:19,False,True,True,True,False,False
e40d0c72305e1f0be6925df1e4378221,unavailable,2017-11-03 20:21:30,False,True,True,True,False,False
fc20b8e282da6f3fbcdd3a3cedecb723,unavailable,2017-03-01 10:02:02,False,True,True,True,False,False
adba6d04acdb64b6df4751a0e639dfd9,unavailable,2017-06-20 17:53:16,False,True,True,True,False,False
1f169866113310fa8ab239a0b4c7e8de,delivered,2018-04-17 13:25:52,True,True,False,False,False,True
e03566eab6041e05274e23b5a2fe5d31,shipped,2018-07-24 21:05:03,True,True,False,False,False,True
10889542f25363f8b12b679fb7bba35c,delivered,2017-03-14 19:19:23,True,True,False,False,False,True
fe87d4b944748f63ca5ed22cc55b6fb6,unavailable,2017-12-05 09:20:36,False,True,True,True,False,False
321117f0a62b449963231d318a6320d2,shipped,2017-12-05 15:43:41,True,True,False,False,False,True
73627dfa9a67ee111fb528be6f9d4b02,delivered,2018-04-12 23:50:31,True,True,False,False,False,True
33e13c48e5883f2a3ae2269bf57650c7,unavailable,2017-12-22 12:41:34,False,True,True,True,False,False
ff18b518679a92dcb00e16fae93c6d59,delivered,2017-10-29 16:15:04,True,True,False,False,False,True
5bd5f0a2e24b51f1d1d6e855f9f03e3d,unavailable,2017-09-05 11:45:52,False,True,True,True,False,False
730dc1ff917580e99d067d00abaccaef,delivered,2018-02-04 17:23:52,True,True,False,False,False,True
a3d92aa9b396fd05c4b289ed01103714,delivered,2017-12-02 12:36:43,True,True,False,False,False,True
046cf9d36030cfd64e9800b0006f5713,delivered,2018-01-19 20:23:39,True,True,False,False,False,True
95e6053477d7169c64e6a34a3e329cb7,unavailable,2018-05-21 13:41:14,False,True,True,True,False,False
e8e186c0ebe18282aada53c56e7da34f,canceled,2017-05-02 07:34:35,False,True,True,True,False,False
ef32bb24f4e81a29a305e5285c8d3d34,unavailable,2017-12-19 13:11:08,False,True,True,True,False,False
bd443caeb1873dd616185acf5162d26c,unavailable,2018-03-21 09:23:07,False,True,True,True,False,False
ec2738d1b8cdc75fa4c9425432f5053c,delivered,2017-06-19 01:46:34,True,True,False,False,False,True
6d9bd9b4caa7d961a6d31427ad0e557e,unavailable,2017-11-24 17:45:10,False,True,True,True,False,False
2117b238b6ae0929164d1cf41f3ecb87,delivered,2017-07-07 17:44:19,True,True,False,False,False,True
a9cc8ce28b99a1cc075cb04ab19010c7,unavailable,2018-01-19 02:48:54,False,True,True,True,False,False
c83eba0508195fff1529210cfe30385a,unavailable,2017-07-12 11:25:47,False,True,True,True,False,False
54b56f2389dee113344da742da7890c9,unavailable,2018-02-12 17:36:31,False,True,True,True,False,False
4b3b5fc7398939e35a47fe5a8c0be5cb,unavailable,2017-11-24 03:10:55,False,True,True,True,False,False
0f3b2951a363f6a201ad23e3ce2c0313,unavailable,2017-11-23 00:07:09,False,True,True,True,False,False
eadd7dba4c87a895126c2cc2f33b30aa,delivered,2017-08-16 13:10:42,True,True,False,False,False,True
3b41cd88f86b0e96701cc19dfb93d60d,delivered,2018-02-03 13:35:41,True,True,False,False,False,True
4bbe949608f669144f0db3f8cde75cd7,unavailable,2017-09-05 14:22:59,False,True,True,True,False,False
9c77f06d1dbb94007e708e9aba680a03,unavailable,2018-02-10 16:00:05,False,True,True,True,False,False
51b00c5a9b0224f467f74d55424b4235,unavailable,2017-07-09 11:20:12,False,True,True,True,False,False
1ac1cd9823b09ef5a14a07fdac1aee94,delivered,2017-10-04 10:43:19,True,True,False,False,False,True
f4a8cf5dcabdbe8dd7e65e1674db3015,canceled,2018-01-21 23:26:18,False,True,True,True,False,False
8256266a3e79c5c11593977b92fe7b1a,unavailable,2018-01-18 17:02:04,False,True,True,True,False,False
17734155e111af61fc2bb776b29dc97f,delivered,2018-01-20 22:34:35,True,True,False,False,False,True
22a91acd45f9631dece96eb349f13047,shipped,2018-03-12 08:20:33,True,True,False,False,False,True
50efee8af80ee7bee6e41e0e70d58c6c,delivered,2017-11-26 19:11:20,True,True,False,False,False,True
a67bbe8654df3531b7c870495843dfb4,delivered,2017-07-12 16:19:28,True,True,False,False,False,True
1762aa0ce22469c003348a42e46f5269,unavailable,2017-08-20 19:52:24,False,True,True,True,False,False
fae08ba5b02df1198db80dda5b5c205b,delivered,2018-01-23 17:15:16,True,True,False,False,False,True
3988bfd19575c170059a28a630beee60,delivered,2018-05-11 18:52:04,True,True,False,False,False,True
1c3a814fa046dc2f684276b1ca26786e,unavailable,2017-04-11 08:25:26,False,True,True,True,False,False
24b425b6d0f061fcb84c1832d221e3bb,canceled,2017-08-22 09:50:59,False,True,True,True,False,False
a1f444637730cb2eded588f7bd64f1cb,delivered,2018-04-25 21:14:18,True,True,False,False,False,True
367d72ed72e5988018a75524b1a4ab77,shipped,2017-04-12 12:24:27,True,True,False,False,False,True
346c0a181df97b0776f3d7d4a2cec70f,delivered,2018-07-08 20:06:55,True,True,False,False,False,True
225e39ca6a487e0cdd5c97dfc57c92ff,delivered,2017-12-16 21:03:22,True,True,False,False,False,True
b538efecd9ba6d45acff500110ce1e45,delivered,2018-01-24 21:03:02,True,True,False,False,False,True
765388e7b3d416ffe810ade706854872,delivered,2017-02-09 13:52:13,True,True,False,False,False,True
986033635480f0a529bc90e2dfa1c168,delivered,2018-01-21 15:10:57,True,True,False,False,False,True
0a5c74ccc786ced7903270de9d6c170a,unavailable,2018-01-18 23:14:36,False,True,False,True,False,True
a5066c35c39663d4e120a25aa960cf24,delivered,2018-03-07 22:11:47,True,True,False,False,False,True
6679781bbd182ebad33a3393741e6334,delivered,2018-02-26 21:40:14,True,True,False,False,False,True
8076135356d195170fe9f8d5698182c4,unavailable,2018-01-03 21:56:47,False,True,True,True,False,False
65e816f5fdba93b07f5aeef1ee55b6a0,shipped,2018-03-15 13:48:21,True,True,False,False,False,True
8ae36ddb0c9660dabf5341488efb2a30,unavailable,2018-03-03 12:02:45,False,True,True,True,False,False
4b460251c3d2ba44dd61b0b6c3410ac6,unavailable,2017-03-27 17:19:37,False,True,True,True,False,False
ddfe2c774073d06b98ebad44770595a8,delivered,2017-12-27 19:06:35,True,True,False,False,False,True
c20c39bdb12b843034d5b268c984c02a,shipped,2018-04-18 23:42:06,True,True,False,False,False,True
95805218cf245076d9ab20d75d1758c7,shipped,2017-04-03 03:01:46,True,True,False,False,False,True
6e8a97f227260b48b2c8e8eacc87d2fb,delivered,2017-11-21 19:39:55,True,True,False,False,False,True
a7e225997eea4fd0df0db35b52bd9d0e,unavailable,2017-12-02 03:21:27,False,True,True,True,False,False
69c49491c1300f416d32e8bedc9f8907,unavailable,2017-10-26 10:35:27,False,True,True,True,False,False
021f26893462ec6a677baba7f06ce4c1,delivered,2017-07-07 15:24:27,True,True,False,False,False,True
4d6508666e706d6dbbdea72b4ac1a05b,delivered,2017-07-07 09:45:05,True,True,False,False,False,True
ccac33950ffc27cb905dbcdfb099494a,unavailable,2017-11-26 02:13:57,False,True,True,True,False,False
2e287cee637969033ec9ab49602e61ef,unavailable,2017-01-30 15:48:53,False,True,True,True,False,False
a27f40f8d2b565f2d8d430fc05cde4c9,delivered,2018-06-28 18:31:08,True,True,False,False,False,True
cfec5af5f95fd772fb3c0891654a24b7,delivered,2017-11-11 19:09:09,True,True,False,False,False,True
8cacf6d8c088e18ca96ee6d5a138461b,canceled,2017-05-27 22:42:30,False,True,True,True,False,False
d9258776ebce96efd9811c6554d12726,canceled,2017-10-20 19:35:47,False,True,True,True,False,False
db30bf3b1cc383459bf7f3a938528cea,delivered,2017-09-12 16:36:36,True,True,False,False,False,True
383bb8b07361166ea86f3f4b51e96ff7,canceled,2018-03-15 10:12:28,False,True,True,True,False,False
2982a4a9b9ff0bf9a4f5b88a45a6fa67,unavailable,2017-03-06 13:52:04,False,True,True,True,False,False
960fbbe89375098d7a51e5f0c31c4f8c,delivered,2018-07-31 15:18:25,True,True,False,False,False,True
254496381e0184650717e8cf8e456d50,delivered,2018-08-04 14:25:27,True,True,False,False,False,True
4bc27c3d551e28ec80a384663cbae90e,delivered,2017-08-15 13:43:01,True,True,False,False,False,True
b70adb5e7bfcd96be02825033008d23a,delivered,2017-09-15 15:06:28,True,True,False,False,False,True
342505ef4323f0572eda009be6080f6c,unavailable,2017-09-11 18:49:07,False,True,True,True,False,False
8c6e16dc21c114e69bdf0d21386241eb,unavailable,2017-11-14 15:10:43,False,True,True,True,False,False
58a4317c14bcba43d0cf161f17e9db2b,delivered,2017-01-30 11:55:23,True,True,False,False,False,True
7b862ac7558f536ca1c6f388f21d22d5,unavailable,2017-10-06 21:30:34,False,True,True,True,False,False
7622da48f027d5659a0d7b0a43597354,unavailable,2017-07-09 14:27:44,False,True,True,True,False,False
2429083883078c31cf2337ce0dd425ee,unavailable,2017-07-06 19:25:55,False,True,True,True,False,False
29380cfab5f9f5f233e2c71e16cadc68,unavailable,2018-05-09 16:55:09,False,True,True,True,False,False
fc8121263d345c1d739f85edda7be0cb,unavailable,2017-02-18 23:41:47,False,True,True,True,False,False
9c8a5a65a01f4a42ddd7fe53ee525568,delivered,2018-05-26 23:30:04,True,True,False,False,False,True
7097cd0492a280b3e24b36fd672f5a59,delivered,2018-03-27 00:14:42,True,True,False,False,False,True
47999a7490ff2905f7ca3da2edcc9c52,delivered,2018-04-12 22:26:12,True,True,False,False,False,True
fb4ea753f638936f56b4df5d03dc07bb,unavailable,2018-01-13 20:11:23,False,True,True,True,False,False
48f2d0b950703bfb145b7c3c0641b4bb,unavailable,2017-08-30 01:21:05,False,True,True,True,False,False
c486d236b0e92a666f332229a5f23557,delivered,2018-06-12 02:28:15,True,True,False,False,False,True
e38573f7a3dc73addbbd97817bd0369e,shipped,2018-07-18 09:01:50,True,True,False,False,False,True
b715c631fdd01580d9de3ed3759523c7,canceled,2018-02-17 20:24:59,False,True,True,True,False,False
feef9f21cf88daf192de972212d1c5d5,delivered,2017-04-13 18:47:07,True,True,False,False,False,True
2b941f8e6ff81158a52de44909dc2a52,canceled,2017-04-14 19:05:05,False,True,True,True,False,False
887b5b39f6f5c08315aa901f0fadba6d,delivered,2017-12-28 11:57:01,True,True,False,False,False,True
a91e25d9e242b0545cddf83a2bb46954,unavailable,2017-02-01 13:27:48,False,True,True,True,False,False
6f192285411fe2465d2c701cddafb6d9,delivered,2017-11-27 10:27:16,True,True,False,False,False,True
40956e6dd1d3604c48f437352e4dc3d3,delivered,2017-09-07 21:32:35,True,True,False,False,False,True
46c25d5c696b53935b00b3e3fa555d20,unavailable,2017-06-29 19:41:31,False,True,True,True,False,False
402e0a2ad64d2f2b8f0d06d436789aca,unavailable,2017-10-21 10:58:06,False,True,True,True,False,False
aa416218af39ef77e7ed168633b9ef53,delivered,2018-07-27 10:41:55,True,True,False,False,False,True
19bbda1f882b3aeddba973e935519905,unavailable,2017-11-03 22:26:44,False,True,True,True,False,False
cda873529ca7ab71f677d5ec11a40304,shipped,2016-10-05 16:57:30,True,True,False,False,False,True
55c27ec4136ec6d13577c7fb34c62b68,delivered,2017-11-20 11:46:40,True,True,False,False,False,True
d6717d9840d700bd7be08d9ca8bb791b,delivered,2017-10-31 10:40:37,True,True,False,False,False,True
e55fa3385fa77f6be6a0041c5daf2fb6,unavailable,2018-08-01 03:54:30,False,True,True,True,False,False
3cd41dc7c9fceb7de4fb0e9983a4b1ed,unavailable,2017-10-10 23:49:13,False,True,True,True,False,False
1612081119e8f23745698ad3367cc14b,unavailable,2016-10-05 18:06:48,False,True,True,True,False,False
1fda9a8d1632a5964c43fb8e64dbe3e3,unavailable,2017-11-07 19:54:22,False,True,True,True,False,False
3e4c4bd83f745236e4f9380b225088d5,delivered,2018-04-29 12:29:15,True,True,False,False,False,True
ab46182a322cb6dc83f4138d4e5cd73f,unavailable,2017-11-24 19:49:07,False,True,True,True,False,False
0d2c1a413f6aa3a36b8bb940b028f930,unavailable,2017-11-23 11:14:30,False,True,True,True,False,False
77b8e495f75bbdf52e3a29bc46188eef,unavailable,2017-10-12 17:32:55,False,True,True,True,False,False
3a3aed58b078ba2d2105cd76ce7a76d7,canceled,2017-05-25 16:12:51,False,True,True,True,False,False
6e98de3a85c84ead6689189b825d35b5,canceled,2018-03-15 10:07:02,False,True,True,True,False,False
80fd1b0b81771253d43532f41d575d39,canceled,2017-10-29 18:02:37,False,True,True,True,False,False
0fb9645c128ac84788798f0129496ca7,canceled,2018-08-21 10:15:51,False,True,True,True,False,False
607c1c3f926d9435d428d7aa7d52a1ed,unavailable,2018-02-13 21:40:28,False,True,True,True,False,False
564bf3fea35e87a7bae2d73a14f679cf,delivered,2017-11-15 11:28:40,True,True,False,False,False,True
df4e9da89d40a57390fdc2eebce4e0e2,delivered,2017-07-15 10:26:28,True,True,False,False,False,True
b90cc9e10252911c2092a1e49794aa13,unavailable,2018-02-07 11:42:41,False,True,True,True,False,False
34a114524c5f794047b202c0c85f3a17,delivered,2018-07-19 10:26:52,True,True,False,False,False,True
86c8fd057d184ed3d5059a43d58ff5db,processing,2017-10-11 19:51:04,True,True,False,False,False,True
a02c544d48cac6a9a9a21d5a33b8911c,delivered,2017-11-17 19:55:15,True,True,False,False,False,True
33f11b444d480cee508b54f3cf17b079,unavailable,2018-03-02 16:48:27,False,True,True,True,False,False
974f9f87a3bad01b2ac72fe987505e9b,unavailable,2017-06-09 20:25:03,False,True,False,True,False,True
8ab4ca9525e1f61c67972a13885d3b96,unavailable,2017-05-09 15:29:35,False,True,True,True,False,False
675b0980a1c53e959dc721b6e608997f,unavailable,2017-08-16 21:54:45,False,True,True,True,False,False
1ba709b2606b232b367cb08a49738fa1,delivered,2017-11-26 09:33:26,True,True,False,False,False,True
2e496accb804bb4a59fcd3df574b450c,delivered,2018-03-05 08:15:47,True,True,False,False,False,True
64bfc8cd9379c2da1d2abd37c2adf65a,delivered,2018-06-28 20:49:28,True,True,False,False,False,True
6d3130927406da969ab807821a93a65d,unavailable,2017-02-11 21:39:55,False,True,True,True,False,False
a103e6ad2ad56584ee8e0400083938cb,delivered,2018-01-20 16:30:37,True,True,False,False,False,True
4ce5e2d15628c2277ca6ed81ee60f9de,unavailable,2017-07-10 00:18:31,False,True,True,True,False,False
49c5132b03e35ffa18fdca050d1f8e33,unavailable,2017-10-30 23:52:49,False,True,True,True,False,False
6de9eb6ce81fb0d838d9d38e5f0b3b13,delivered,2017-12-19 18:59:05,True,True,False,False,False,True
1c3a0db39be54440c72e0111f46856e6,delivered,2018-03-10 10:11:58,True,True,False,False,False,True
9e6db72ba70b2e5ded35a5919f6329b3,delivered,2017-06-06 16:24:51,True,True,False,False,False,True
3f6509ff22303ff04b9bf1b2c8bf69c6,canceled,2018-08-13 19:21:19,False,True,True,True,False,False
2d31315ad8289e1e63c8451715e80306,unavailable,2017-09-07 13:52:34,False,True,True,True,False,False
9fab0f942fae1cf572b2ae5d159be064,delivered,2017-10-09 11:13:00,True,True,False,False,False,True
4bcbf495ab204cfc6d9f6541f4fcceec,delivered,2018-03-07 18:38:51,True,True,False,False,False,True
5f2dbe00a1732133a6809ae1af554123,unavailable,2017-02-06 08:18:30,False,True,False,True,False,True
ffdb12bf66b3d0145d09d962745a05f6,delivered,2017-10-14 19:46:54,True,True,False,False,False,True
3a0fbe8fbdae776394cd93385366a4fd,unavailable,2017-12-12 14:23:58,False,True,True,True,False,False
cbce204b327a87445b6e6c28e0c5bfb3,unavailable,2017-09-24 09:24:52,False,True,True,True,False,False
b2fc127731e4fc8f7bd2d2c1898e59ca,unavailable,2017-06-14 10:31:55,False,True,True,True,False,False
49b28a42d5f67ef10024f70bd79e229e,delivered,2017-10-21 19:16:51,True,True,False,False,False,True
066fbbe8fc3345df85f0f1dc2ad03bce,delivered,2018-01-04 09:44:46,True,True,False,False,False,True
52980848cc7019752a073e8e889f97e0,delivered,2017-06-16 13:58:31,True,True,False,False,False,True
6147e0d51f6ecc3e0ae6defe7156bc82,delivered,2017-11-17 19:42:27,True,True,False,False,False,True
a90966534748634cbb133383bf0eee68,canceled,2018-02-01 16:49:17,True,True,False,False,False,True
3786374eb6f56d00e96bf7511002cd00,delivered,2018-03-13 23:17:04,True,True,False,False,False,True
392ed9afd714e3c74767d0c4d3e3f477,canceled,2018-09-29 09:13:03,False,True,True,True,False,False
23628e1dadb5e31443d876fdd2e2893c,delivered,2017-08-09 16:43:18,True,True,False,False,False,True
43f15e122ae8ae3eda33bf64b011c085,unavailable,2017-08-06 22:09:17,False,True,True,True,False,False
2798536d668b2d5071ab9b2ab4f7a7b0,delivered,2018-07-19 16:23:55,True,True,False,False,False,True
73745cfd1447d2cb71537b662d59b3b8,unavailable,2017-07-20 20:02:04,False,True,True,True,False,False
66a112120b10c8ab5fa2e0b42f1c19d6,delivered,2018-07-19 11:52:13,True,True,False,False,False,True
bf27902e7735a428c81f52189dec50e4,unavailable,2017-11-29 17:42:13,False,True,True,True,False,False
3bd3b4d482f916c2c9662b8da6f2758b,canceled,2018-08-20 15:07:42,False,True,True,True,False,False
9e0599de26eddaf0167b73e50f91ad68,delivered,2017-12-31 11:19:35,True,True,False,False,False,True
791d454dd290baaf30d599c6183d7489,unavailable,2017-08-15 11:17:02,False,True,True,True,False,False
d46935acb58d918a88813e0c8bb1a220,delivered,2017-11-24 09:18:54,True,True,False,False,False,True
e4716dbd1591288ba2bb3def7ff36503,delivered,2018-02-27 12:45:13,True,True,False,False,False,True
ea3d171a91e27a6f523ad45abb5dcf20,shipped,2018-04-11 19:12:03,True,True,False,False,False,True
633f4fc75774571fccaef584dfce5a7b,delivered,2017-09-12 16:01:18,True,True,False,False,False,True
36cde427894b4797db8316e92b8e58f2,unavailable,2017-03-23 21:53:52,False,True,True,True,False,False
0a92bad75c24fdf33ed2a18801262e89,delivered,2018-08-13 20:11:13,True,True,False,False,False,True
529aada4497d124d483d26ebb8ae9606,shipped,2017-11-15 18:16:13,True,True,False,False,False,True
c91777dfda137af11e863a97854b07f4,delivered,2017-12-12 10:49:13,True,True,False,False,False,True
fc44d27a4439d26e8ead6e656c28cbd2,delivered,2018-04-04 18:21:55,True,True,False,False,False,True
ba45b8302387142f547f4acd1c75b61d,delivered,2018-08-03 12:28:36,True,True,False,False,False,True
d6d8d3958008d2514a3a9ef0a43edc56,delivered,2017-09-05 21:31:49,True,True,False,False,False,True
b7fa03eeccba341d5ab0dc86bfb1b08c,unavailable,2018-07-28 18:42:13,False,True,True,True,False,False
a96cff07025408618e8a121b1ba3273a,delivered,2018-05-30 15:04:45,True,True,False,False,False,True
78e56715d38f43fe67193581b89e616c,shipped,2018-07-09 12:45:09,True,True,False,False,False,True
335f8f913a1d29120e07b6bb9847d73c,unavailable,2018-05-12 15:28:13,False,True,True,True,False,False
247845908b9f43dd4e4f32291924d6b6,delivered,2018-05-16 20:35:31,True,True,False,False,False,True
d859b40b1d9bb3cdd347358688bc3272,unavailable,2017-10-10 12:55:03,False,True,True,True,False,False
aa6e3cc7cf13ef1dc599d1243daee6f6,delivered,2018-08-18 23:54:05,True,True,False,False,False,True
084ac8d010dca0cb81b1bd4f375a047e,delivered,2018-02-13 14:37:04,True,True,False,False,False,True
e5882de2409ffb5a26782367e95b91ba,unavailable,2017-06-30 13:26:22,False,True,True,True,False,False
3c8702d3b056de079d6cdd6ee1ffeb55,unavailable,2017-02-22 12:31:15,False,True,True,True,False,False
52ffca67c47f7bc4350f82b1d2c20dec,canceled,2017-11-26 18:42:08,False,True,True,True,False,False
5e7ac1d3afa3583411b284bebd5dcdcb,delivered,2017-07-25 09:30:19,True,True,False,False,False,True
31b91033dcb0502e616f40ced16dccc6,unavailable,2017-07-17 09:38:11,False,True,False,True,False,True
55aa287c6ca17e8c3262b9ef1e12fac6,unavailable,2017-03-04 12:15:08,False,True,False,True,False,True
adf5a3d223336c6b7965f3027bb7ddc2,unavailable,2017-11-13 20:54:32,False,True,False,True,False,True
834550696228970ef03d30419db216e1,unavailable,2017-10-29 19:19:56,False,True,True,True,False,False
d0bfc2beba8af659a7585f0f48efde83,delivered,2017-10-05 09:50:42,True,True,False,False,False,True
b93ffbad842670470ec41f35a317ee65,unavailable,2017-02-08 22:47:10,False,True,True,True,False,False
eb4e51562354587d8ccd4285d45c644a,delivered,2018-01-02 18:35:50,True,True,False,False,False,True
4e285df63acf5fe19cbb76253626fe8d,delivered,2018-04-19 01:09:37,True,True,False,False,False,True
453cabc3a3d6d0d80bd08d9eefb6a607,unavailable,2017-12-06 19:47:40,False,True,True,True,False,False
8a7db04d95da0710527731c9945b4d34,delivered,2017-11-28 16:27:19,True,True,False,False,False,True
4608a27e9e60c05b054631def491e7af,canceled,2018-08-28 08:10:22,False,True,True,True,False,False
0bfb3ca2ac0d1d45fff422a646f5c1b5,delivered,2017-07-03 21:26:15,True,True,False,False,False,True
f889a5a0b44adc29c5465b99395ac3c1,unavailable,2017-07-07 21:17:36,False,True,True,True,False,False
b20dc8d5eb8118e7e6fb8b7c4e8f0f2b,delivered,2017-12-23 13:54:52,True,True,False,False,False,True
81997644995458a01126899a96832353,unavailable,2018-02-26 16:58:27,False,True,True,True,False,False
afb61112fb99b07fe17e591c68c0c84c,canceled,2018-09-06 10:48:12,False,True,False,True,False,True
603ce42d77860afac6a70925449311d5,delivered,2017-11-24 22:04:20,True,True,False,False,False,True
27667a063cb59b5d987a5a71c192cce5,canceled,2018-08-27 19:54:54,False,True,True,True,False,False
8d0d4524b29f3e77ea08bff90227f410,delivered,2018-03-27 21:24:05,True,True,False,False,False,True
e82c65a674b5f012420311da34ece20c,delivered,2017-10-27 23:57:48,True,True,False,False,False,True
e5215415bb6f76fe3b7cb68103a0d1c0,canceled,2016-10-22 08:25:27,False,True,True,True,False,False
f88685f89f0fc651c3e767c64a23192c,unavailable,2017-11-24 01:49:27,False,True,True,True,False,False
ade919610216d8fcd6333ce3696449a4,canceled,2017-09-24 18:32:25,False,True,True,True,False,False
ea0aecca2de1f337e8a16c457f407eb3,delivered,2018-03-01 15:34:44,True,True,False,False,False,True
58279d6e5966be96c8768b58f9a6f983,delivered,2017-11-15 19:47:04,True,True,False,False,False,True
9d4369173adc91c56c54ebba6712e732,unavailable,2017-11-18 11:07:50,False,True,True,True,False,False
04b8c60eb3cceaecde917716daa30bde,unavailable,2017-11-27 18:35:48,False,True,True,True,False,False
9a71f055d972d1ebacec9df7376ff1e3,delivered,2018-03-13 13:18:23,True,True,False,False,False,True
69796e4e03edbf9c0f49c76d4ebadb77,delivered,2018-03-02 20:51:35,True,True,False,False,False,True
eb09635680fadffb33358e40b05c9029,delivered,2018-03-10 19:52:26,True,True,False,False,False,True
2a1ca5e0a47b3b8fdbb8da5b34ed45e8,delivered,2018-04-10 16:25:39,True,True,False,False,False,True
87f795f6abd4bbe786854091a9c6e651,delivered,2017-12-30 11:01:42,True,True,False,False,False,True
50bb0c134ee3365dd06e13da6cda15fe,unavailable,2017-12-29 16:31:58,False,True,True,True,False,False
74e198a81e758ec637a42e8f2e856927,canceled,2018-08-18 09:27:28,False,True,True,True,False,False
7e95d101ed97603578e38b4955c244ab,delivered,2018-03-22 12:42:36,True,True,False,False,False,True
e66e29f65af321ea428495d66066e809,unavailable,2017-06-17 20:59:11,False,True,True,True,False,False
02bfe71c2bbd56f6de9c2c357adff45c,unavailable,2017-12-03 14:28:40,False,True,True,True,False,False
ca1533a4041a98501d0c3250c7dff345,delivered,2017-03-12 16:38:43,True,True,False,False,False,True
0d783e7e03dd70fd2ea6a0b33bb73706,delivered,2017-09-10 22:42:54,True,True,False,False,False,True
9797a3f116ca3ac106a9ecbc8807d2fa,delivered,2017-03-02 05:10:03,True,True,False,False,False,True
43c8d05a1478e794217ad3b39398022a,unavailable,2017-08-14 21:10:05,False,True,True,True,False,False
b3154d5a5a7c0b01993f0768a1fd4b8a,unavailable,2017-07-04 18:51:24,False,True,True,True,False,False
2fa565240e8353e7a1ad78347f8608fa,unavailable,2017-02-15 21:21:31,False,True,True,True,False,False
35de4050331c6c644cddc86f4f2d0d64,created,2017-12-05 01:07:58,False,True,False,True,False,True
2463e85fc460252cacb332c69099f298,unavailable,2017-10-18 19:11:27,False,True,True,True,False,False
c549f0d88f33bfe43351b893f1fb55ac,canceled,2016-10-06 13:21:05,False,True,True,True,False,False
69fd1a4dd8b96b9ab0dc82b95be21efd,unavailable,2018-07-31 09:55:46,False,True,True,True,False,False
dc5ba59adf78a3c3f5707f5bc83ca234,delivered,2018-02-19 08:23:36,True,True,False,False,False,True
923858c3c7a920c2b0ac32ad75bb0280,delivered,2017-12-06 13:08:53,True,True,False,False,False,True
0e6b2d0fe443a6d38c0f6447f4eb2262,unavailable,2017-11-03 20:44:04,False,True,True,True,False,False
262509218257310f675994ae58ffbfa9,delivered,2017-05-24 17:19:22,True,True,False,False,False,True
f3e5a0592463640ef9fd04d79724dac9,unavailable,2018-01-14 12:21:39,False,True,True,True,False,False
f52830b0ca8b8b633b4c270c33603cbb,delivered,2017-03-22 12:58:25,True,True,False,False,False,True
72fa449394ed9dc9093819f93ca563af,unavailable,2017-05-26 17:19:49,False,True,True,True,False,False
e8df0b08b2d6162f2a109f931d0774b6,unavailable,2017-10-08 11:02:21,False,True,True,True,False,False
5da2004d85f2828349d887c989da2adc,delivered,2016-10-05 20:20:59,True,True,False,False,False,True
c261c57774808b333866f1957d4f8ebd,delivered,2018-02-21 22:57:17,True,True,False,False,False,True
801bda1bc87e8484430a1ad75f51f128,unavailable,2017-02-06 10:21:37,False,True,True,True,False,False
dd38e535112fb5094b53b1997c4eda52,canceled,2018-08-13 13:01:54,False,True,True,True,False,False
7c48bf2308168ce82b8e622eb9dd8627,unavailable,2017-10-13 13:31:56,False,True,True,True,False,False
83fb50047ae335655fcb980c0a2430b5,processing,2017-05-27 17:48:11,True,True,False,False,False,True
5ca9d935dd5306bf85a2f1e263d058f1,unavailable,2018-02-06 16:31:59,False,True,True,True,False,False
d2edbdf7b05aec925d270f089e79443e,delivered,2017-10-11 14:18:00,True,True,False,False,False,True
c94821db10df06a6d17a8054d3a0b919,unavailable,2017-11-22 11:01:03,False,True,True,True,False,False
126b56e36148dafa96b5705c766ab2c0,delivered,2017-03-02 12:17:57,True,True,False,False,False,True
bee3bdf96f440b4049e95e8eb6f64dc0,delivered,2018-01-29 19:05:28,True,True,False,False,False,True
3ccf1aa4144993ddec8287ef8ee0a107,unavailable,2017-04-08 00:08:18,False,True,True,True,False,False
74f833bf7c70ce8c3f820f725c213e1c,unavailable,2017-06-30 11:21:11,False,True,True,True,False,False
08662c478bed0444d0515925af759547,canceled,2017-03-20 08:00:14,False,True,True,True,False,False
90eaac01afdf4e531a70ad869e092c75,canceled,2018-06-05 15:15:24,False,True,True,True,False,False
2b25bdbc985fdd953cced7c3fdf0a2fe,unavailable,2017-11-18 22:23:44,False,True,True,True,False,False
c7ffd8434c98d275690e80f967a3be3a,delivered,2017-05-02 17:07:34,True,True,False,False,False,True
2d5f1dc93c565d00ce25e43b11b48596,delivered,2017-05-18 11:36:28,True,True,False,False,False,True
f79b8af9c83e40ce3234880ed7196426,delivered,2018-02-28 20:41:39,True,True,False,False,False,True
2047712d309c37ea8b67d413cd8632e1,delivered,2018-02-16 00:27:07,True,True,False,False,False,True
dd8532619e81337caf4ddc77fb34d981,unavailable,2017-05-15 10:58:15,False,True,True,True,False,False
8d92a85b0ecdf7d7b3807474390ee2be,delivered,2017-05-16 22:51:01,True,True,False,False,False,True
2ce9683175cdab7d1c95bcbb3e36f478,invoiced,2016-10-05 21:03:33,False,True,True,True,False,False
8a9ac22fb6bfbcd5b5a0e0f111fc7b04,delivered,2018-02-03 18:21:54,True,True,False,False,False,True
461284c65054e6492ba30c4ae2ca1a26,delivered,2017-06-24 01:15:34,True,True,False,False,False,True
5e41827b759a0bb0ed7c166e8f9f43e1,delivered,2018-06-28 12:39:44,True,True,False,False,False,True
577741df3a9a24834a116ed4b278233e,delivered,2017-05-10 21:51:44,True,True,False,False,False,True
501fa503297c10bde871ab325df28a23,delivered,2017-05-08 17:26:08,True,True,False,False,False,True
bb004371887666040d4ca5e0b002bd08,delivered,2018-03-21 22:34:35,True,True,False,False,False,True
8030ea400239674937d96cff6bf0c321,delivered,2018-01-11 18:24:34,True,True,False,False,False,True
2eff76a325fc7035ebbd93657c4f61a3,delivered,2018-04-05 01:30:10,True,True,False,False,False,True
793c05f561c41e8fb6599c92be8d0afd,unavailable,2017-08-11 19:18:12,False,True,True,True,False,False
54aba7d2489d6b8a6bc2fa1a54a1bb69,delivered,2018-04-12 15:15:43,True,True,False,False,False,True
73adddab7cd7e4f606280f98c137656a,unavailable,2017-07-11 09:23:29,False,True,True,True,False,False
31a1a43e09fe1f26cdcb077099cadf82,unavailable,2017-09-13 14:46:37,False,True,True,True,False,False
6ddabf2a8041dce9c002843951566c40,delivered,2017-06-17 14:34:41,True,True,False,False,False,True
e731304a0fda25d2138155bbfe558bd7,unavailable,2017-11-28 19:00:04,False,True,True,True,False,False
fa8ba64335831e92f3a3866f8fdc9e56,delivered,2017-11-24 18:28:18,True,True,False,False,False,True
90ab3e7d52544ec7bc3363c82689965f,created,2017-11-06 13:12:34,False,True,True,True,False,False
463270aee6f932c94319683e66e7e59d,unavailable,2018-04-17 19:40:26,False,True,True,True,False,False
dc72db753eb60af9ec0bf9afaf60f36d,shipped,2018-04-10 18:54:26,True,True,False,False,False,True
0a6b7c79b8c67dedc51f2dea7b4e1e59,unavailable,2018-01-13 13:27:33,False,True,True,True,False,False
b6777988359768bf8f2390aa6d072be4,unavailable,2017-10-30 14:07:30,False,True,True,True,False,False
b2e2410ac54dcb51230fd94aef5bcd2c,unavailable,2017-07-31 20:46:54,False,True,True,True,False,False
870a3cfbe4dab0f499a636a9fdeef87d,unavailable,2017-10-08 09:22:19,False,True,True,True,False,False
65f87722388463aa7d02023c8f5b11ab,unavailable,2017-12-05 16:00:46,False,True,True,True,False,False
70337534367fb81be994632264ee8f9e,delivered,2018-02-26 20:36:25,True,True,False,False,False,True
b45e88e636c88f0aa9ba543bf538fa1d,shipped,2017-05-12 13:06:00,True,True,False,False,False,True
ea55dd40acfb6206bdf910b5e903ff77,unavailable,2018-01-06 01:06:13,False,True,True,True,False,False
be1b9fcc29d5416fe7ffc86782720aaf,delivered,2018-04-24 17:11:49,True,True,False,False,False,True
2f5124f516a7f5e4095ef4325d67c511,unavailable,2017-12-19 20:36:22,False,True,True,True,False,False
c12a72f72509bcc1317ee119c5ade35b,unavailable,2017-11-28 12:03:07,False,True,True,True,False,False
295f0c892077fab482adb25cfc37aa79,unavailable,2017-07-06 13:31:05,False,True,True,True,False,False
c8de7faa920cdcbe41252449a3fd36c0,unavailable,2017-07-06 16:18:36,False,True,True,True,False,False
aed488062a3d349252ffe2961e214551,canceled,2017-10-16 09:09:13,False,True,True,True,False,False
2b2021afc839498368ab00d64c9f1912,delivered,2017-11-17 22:22:19,True,True,False,False,False,True
78ff4e2150a4d62c899729924518c667,delivered,2017-12-04 15:07:09,True,True,False,False,False,True
0cb3c0cb279f04b99a10ac141fa8586f,unavailable,2017-03-06 13:20:19,False,True,True,True,False,False
fde8ba9ac93d634f0221d048bae1dcf3,delivered,2018-02-21 23:12:46,True,True,False,False,False,True
f775d07070d41cc84bca7d1ced815c0f,delivered,2018-07-17 15:25:27,True,True,False,False,False,True
9bd5312d12f48b04a460f702baff3d8c,canceled,2016-10-06 20:43:30,False,True,True,True,False,False
d1115d0ed9dd324d055881a93441ee7e,delivered,2017-11-24 20:02:43,True,True,False,False,False,True
d9bde3a634ec04252eceffc6bef25ee0,unavailable,2017-02-16 17:46:10,False,True,True,True,False,False
196023b0ecde715e3a41bd00ca208a9f,delivered,2018-08-13 22:49:40,True,True,False,False,False,True
ecfc862cb2fabd3d5f9c86117a9baff0,delivered,2017-02-05 19:13:56,True,True,False,False,False,True
daba32f13e003a4703e784cd05cc1546,delivered,2017-08-18 12:38:26,True,True,False,False,False,True
10a045cdf6a5650c21e9cfeb60384c16,canceled,2018-10-17 17:30:18,False,True,True,True,False,False
a4f71a0d584883f990018a219bb7dfb4,unavailable,2017-11-03 18:44:49,False,True,True,True,False,False
3f7adef1231a477e6ff24caefa8afd63,delivered,2017-12-10 22:05:44,True,True,False,False,False,True
19bf02099b31db3f2f5d1bfb4fbf49c4,unavailable,2017-11-02 14:44:50,False,True,True,True,False,False
a372fdd360569fb483549dd211ba9da4,delivered,2017-12-30 21:12:07,True,True,False,False,False,True
a69ec1a52a9dc2098fa6fbe6a47545a7,delivered,2017-12-11 01:05:34,True,True,False,False,False,True
303c1a4cb953c69bf9ad12194dc3d44d,delivered,2017-03-23 23:44:32,True,True,False,False,False,True
c186f4babae2b9ffa3ecc0176980acdf,unavailable,2017-05-30 20:29:08,False,True,True,True,False,False
9c83e5ae8ff2b5cad999c3dc6129a888,canceled,2018-03-03 09:44:30,True,True,False,False,False,True
add4a7fe1b17829ea0b43587b44c1176,delivered,2018-04-03 14:44:44,True,True,False,False,False,True
fddbd183387b5c9bcbafbd0fe965301f,unavailable,2017-09-23 10:25:00,False,True,True,True,False,False
016706d732e79b49035275c048edb2c4,unavailable,2017-10-13 09:15:09,False,True,True,True,False,False
0cb763300f5679bee73a0b0fdfe0a2d2,canceled,2018-08-10 18:54:48,False,True,True,True,False,False
2f6492ebb2badd06db511b63ae7d7f55,canceled,2018-01-20 14:59:28,True,True,False,False,False,True
3607a5c1a425d6896e8327401100e0b2,delivered,2017-10-25 22:17:10,True,True,False,False,False,True
65fdcb432cb9cfa970e3a3817b39040d,canceled,2018-08-29 08:44:38,False,True,True,True,False,False
b44b36e6b69be34f58753d3b56d24001,canceled,2018-08-08 14:27:00,False,True,True,True,False,False
910b9c78e8a4717b0c449d2b731a33d2,delivered,2018-05-14 20:21:36,True,True,False,False,False,True
f7a7059f0d9946568a0892de75768327,delivered,2018-07-19 22:42:54,True,True,False,False,False,True
4cccc0d35e7c7a0dc766ad3c4043e33e,unavailable,2018-08-10 09:32:32,False,True,True,True,False,False
123e27a1a4d0b2481d8618ac3dff7d4e,canceled,2016-10-08 12:44:32,False,True,True,True,False,False
b5628337dad9ae1f38266f0e22fdae4a,shipped,2018-04-10 22:02:11,True,True,False,False,False,True
8e1e331cb2701fc82849ab614e8ff240,unavailable,2017-05-27 09:56:24,False,True,True,True,False,False
8193d208442242314fa5a7d9c9b73df3,delivered,2018-02-17 23:26:19,True,True,False,False,False,True
6bc5da0239ae806987a22ccbb45f3fc8,delivered,2018-04-17 14:24:21,True,True,False,False,False,True
dadc23575c27fa7a66ce0310807865ba,unavailable,2018-05-08 15:05:15,False,True,True,True,False,False
57e1f02c24c1c6c9b445d77373d9f4fa,delivered,2017-05-04 16:50:16,True,True,False,False,False,True
e91a3bc14b8d125d82f0334371c39926,delivered,2018-08-27 17:01:43,True,True,False,False,False,True
12019ed87b97cee3add615b1f8c9e9b0,delivered,2018-07-24 12:01:12,True,True,False,False,False,True
e9b878264e94e17134221e4e9afd378b,unavailable,2018-03-09 10:42:40,False,True,True,True,False,False
0996d6fb4402593986c6b1541bfcb4cc,delivered,2018-05-02 21:45:42,True,True,False,False,False,True
7e6bd960caf2346257183fd4b6079a65,unavailable,2018-01-28 16:38:33,False,True,True,True,False,False
01cb6d702e5233235f4125309d184bf4,unavailable,2017-01-31 17:48:07,False,True,True,True,False,False
dc427026beaee4c2f8944943cd8f33f1,delivered,2018-05-15 15:49:12,True,True,False,False,False,True
d2da7d77b85e86faeb4bcdcf929f27fb,unavailable,2018-05-02 16:43:59,False,True,True,True,False,False
ef42ca96b36e758b3da05888aa8ad723,delivered,2018-04-22 22:00:53,True,True,False,False,False,True
65959cbdb267c29a5cb0021a367df75c,unavailable,2017-02-24 18:05:34,False,True,True,True,False,False
9e7cfc823ef88f92ca66fd57db258c51,delivered,2018-02-07 06:51:08,True,True,False,False,False,True
3ef5c8159bd4605715d1fd6e20cf8137,delivered,2017-05-17 12:50:13,True,True,False,False,False,True
85eda86e7e2d402f5b3bfa90de8e2ec8,delivered,2018-04-23 00:09:20,True,True,False,False,False,True
92a195ed387f8e7f9151eae7a7ec13f0,unavailable,2018-05-17 11:29:01,False,True,True,True,False,False
07e74b39ce62a7c6f7063b3168748191,delivered,2018-08-01 15:46:14,True,True,False,False,False,True
a4d3d2773b4016fd346ced87e513885e,shipped,2017-09-29 23:32:10,True,True,False,False,False,True
4b03319a5a065c83d4fcc4f18f8cb257,canceled,2017-10-20 12:42:26,False,True,True,True,False,False
31f935babbc97f5990e0ffd128e19541,unavailable,2017-11-11 11:25:27,False,True,True,True,False,False
190cce77a8a1f436ff7bb2e684906449,unavailable,2017-10-31 14:13:53,False,True,True,True,False,False
fe994a77b800557e79c0e416391064c2,delivered,2017-12-21 14:26:30,True,True,False,False,False,True
e28fb6cbf050a8cde2b9af4ae94f3241,unavailable,2017-07-11 15:34:36,False,True,True,True,False,False
73628c6d02ed8f6134d9752cd7b83c2a,unavailable,2018-02-14 11:05:31,False,True,True,True,False,False
4493ce8729200aed0eca9d3ae8bcc57c,unavailable,2017-02-02 10:43:43,False,True,True,True,False,False
f82a3c6e1e4ad29964e50eb40ba50ea8,delivered,2017-07-11 21:19:06,True,True,False,False,False,True
b306e43825024d6a7727ed3bb863b650,delivered,2017-06-01 19:34:09,True,True,False,False,False,True
4188e271c401875d724b4e9ee6fe7206,unavailable,2017-12-10 14:04:04,False,True,True,True,False,False
5e682664f3f3651fbaf00a25915ef580,delivered,2018-03-07 12:27:19,True,True,False,False,False,True
b9fffd14dc2869d69f441ff3c8f34bab,unavailable,2017-04-08 19:52:40,False,True,True,True,False,False
f62f01ec64c6b221f926ba560907d8f7,unavailable,2017-02-14 20:55:49,False,True,True,True,False,False
05a82511dd29bef74d8003b015912fd6,delivered,2017-09-11 21:54:03,True,True,False,False,False,True
4141a4d0188de2c856950810c9a5e52c,delivered,2018-06-21 15:08:30,True,True,False,False,False,True
191770cd4f3a7135f4db78a9230ac3df,delivered,2017-12-14 18:37:44,True,True,False,False,False,True
6cfa5243a13a7ea9c5b37fba140d4f9d,delivered,2018-03-07 13:41:25,True,True,False,False,False,True
eb278cfbeefc0a9180876153de58d693,unavailable,2018-02-09 19:51:24,False,True,True,True,False,False
f0eadb6ba0382197c2f94afe7d95e60e,unavailable,2017-11-24 21:03:55,False,True,True,True,False,False
7dfff541b2a848ecb18ceb83d02bfa6a,canceled,2018-03-23 13:44:28,False,True,True,True,False,False
1aba68837cfafa9cc4bba58efee87d4a,unavailable,2017-10-23 10:49:50,False,True,True,True,False,False
bea39233e56405aa80613120fa0faae9,unavailable,2017-07-04 22:27:23,False,True,True,True,False,False
779078ac80552fa400b11c285d16e4fa,unavailable,2017-06-13 21:11:58,False,True,True,True,False,False
cf52c3631e531c83e5f92681b933a521,unavailable,2017-02-18 13:19:30,False,True,True,True,False,False
db22f279752a5ef41428982b9a7ba8c3,delivered,2017-11-20 12:48:13,True,True,False,False,False,True
6638eba9b5e3a5a8342e07e8f2d32637,delivered,2018-07-20 00:48:14,True,True,False,False,False,True
2ff205d5135b1c7763c6561d2643df51,unavailable,2017-03-23 19:21:05,False,True,True,True,False,False
f8bd3f2000c28c5342fedeb5e50f2e75,delivered,2017-12-10 18:44:23,True,True,False,False,False,True
8dbf95d9c5478e672a3de4e316ab4d9a,delivered,2018-07-04 19:46:29,True,True,False,False,False,True
94bce2ab6f38b41d29ebbd9d755677bf,canceled,2017-07-09 15:38:45,False,True,True,True,False,False
4d5e865e4b64c8b33f8a81fd14731344,delivered,2018-04-20 14:54:15,True,True,False,False,False,True
7ecf95f48e7c79ea6b74c40bc023bbee,delivered,2018-05-04 19:00:01,True,True,False,False,False,True
dbe1de9b04777a1c1bf05fd0aeebde9a,unavailable,2017-06-07 15:50:50,False,True,True,True,False,False
d8b293a9c747dbce4a60f6c0bca37dd7,unavailable,2018-02-09 17:57:31,False,True,True,True,False,False
02c8a77069dc7fd1cf273312c3a6e499,delivered,2017-08-30 23:47:53,True,True,False,False,False,True
1237d70df58d4f9a8bd929b9943f9b8a,delivered,2017-10-09 09:58:11,True,True,False,False,False,True
04a2ba381317648726f46210a46ece95,canceled,2018-08-09 09:13:44,False,True,True,True,False,False
3151632a0a68e4f69a7f29961a091904,delivered,2017-03-20 09:28:58,True,True,False,False,False,True
85a22eb264ad44ff56c4955a66876fed,unavailable,2017-11-20 16:10:58,False,True,True,True,False,False
6da03ff3a2192306afabb2c8afb92c5b,delivered,2017-08-14 14:38:17,True,True,False,False,False,True
30a3bac324f40459c6d1a739bc811506,unavailable,2017-10-17 08:28:00,False,True,True,True,False,False
3257d333ee8b3f21786b6270940d1fd4,unavailable,2017-02-13 17:18:58,False,True,True,True,False,False
258fdca015115622abad4d8ac1a13ae4,delivered,2018-01-06 22:15:13,True,True,False,False,False,True
d30a31ae450b7eccbb5fc54276bdccf7,delivered,2017-11-06 14:50:40,True,True,False,False,False,True
ea3a810bd6c5d5c071b28fcb8e39b9e7,unavailable,2018-01-22 10:24:32,False,True,True,True,False,False
b8d77039678b54ada97e6420b3272850,delivered,2018-02-23 13:33:11,True,True,False,False,False,True
4dc5a389009b6cb5c61706d49f229a39,delivered,2018-02-23 00:07:39,True,True,False,False,False,True
c60a44d6c46309c86882ffce00a0b412,unavailable,2017-02-15 11:25:14,False,True,True,True,False,False
13d38ae5c379157b139b2bef4a906c7a,delivered,2018-05-24 17:51:08,True,True,False,False,False,True
735458a5d288ba55c03a10cb1b2dd481,unavailable,2018-05-03 14:15:19,False,True,True,True,False,False
cf942f6450b43eb334f0e34e792d12a7,delivered,2017-10-30 17:43:42,True,True,False,False,False,True
e4b8672f8079cde3f79ec04e8d22a842,delivered,2017-09-06 07:56:09,True,True,False,False,False,True
36be874974d3616f9a1a763d0ac1d655,unavailable,2017-08-13 12:26:51,False,True,True,True,False,False
03343a88c4d669e6378c5aedc4147919,delivered,2018-01-16 12:06:29,True,True,False,False,False,True
1dbe2e0c5594a384eac781a7e46c6011,unavailable,2017-10-27 16:13:11,False,True,True,True,False,False
7fbe250d2d22b8976024eee98fef9cef,delivered,2018-06-25 13:39:13,True,True,False,False,False,True
27e64186c53a2a4b80641c116be0b834,delivered,2018-01-09 08:36:11,True,True,False,False,False,True
fbd82b1fe98967de0db29b6cf134d00a,delivered,2017-01-18 08:55:36,True,True,False,False,False,True
5b9680f27b5067afded00b23f9cb4d61,canceled,2017-03-21 20:20:14,False,True,True,True,False,False
20ff9b4b339b20ef47cfcda736a17a52,unavailable,2018-01-11 11:59:41,False,True,True,True,False,False
1982a20c2a9d116da964e488d59eebe7,unavailable,2017-02-08 16:14:48,False,True,True,True,False,False
0749c820395dd586556efd230c9d1bb9,shipped,2018-07-04 13:12:48,True,True,False,False,False,True
ea4b6713b8009eaeb7d72827ee097dc0,delivered,2017-07-04 19:08:30,True,True,False,False,False,True
8eeaa67e826a9308e63f4436bf00a8f2,unavailable,2018-01-05 09:12:11,False,True,True,True,False,False
489b43fc6f7840318ee5d83ee35b86c1,unavailable,2017-03-06 19:06:47,False,True,True,True,False,False
b059ee4de278302d550a3035c4cdb740,canceled,2018-10-16 20:16:02,False,True,True,True,False,False
288550748c3bf4d64ca22b79487eeaf2,delivered,2018-01-22 16:07:40,True,True,False,False,False,True
1db522d84fad144624204d532f5277f4,delivered,2017-11-25 00:57:09,True,True,False,False,False,True
824d7ceed6163ed2e8693f90f0400db8,delivered,2018-03-14 20:01:12,True,True,False,False,False,True
64b124e81c976cf11238b0bd8ae04aff,delivered,2017-06-03 18:50:13,True,True,False,False,False,True
e9dfc83e3a97891266e996cc26a388b0,delivered,2018-06-27 09:49:43,True,True,False,False,False,True
1768e7971ac449abce2917f608c8a69f,unavailable,2017-03-15 13:20:25,False,True,True,True,False,False
52267d8c7f4a0227294efd0ef23fcefb,unavailable,2018-01-21 13:23:04,False,True,True,True,False,False
c224c9c2f8598269441c76eca7720448,unavailable,2017-11-21 11:34:01,False,True,True,True,False,False
c71ea8a5b6871328f8f6fc3998b96e2f,delivered,2017-07-05 11:00:26,True,True,False,False,False,True
f05fbff4a434f4d0c1e09000bf45f06f,unavailable,2017-06-10 12:33:10,False,True,True,True,False,False
4c3428283da9b354465abf10f72f556e,delivered,2018-02-07 09:16:50,True,True,False,False,False,True
4af4d191d7e83818829a9af9ea7fcdfc,unavailable,2017-07-02 20:05:48,False,True,True,True,False,False
6e27f04e8947d6be930769e3ce557bdf,canceled,2017-03-05 01:03:51,True,True,False,False,False,True
0623dbbd06c0d4059dbfefab8748a491,canceled,2018-08-20 14:17:09,False,True,True,True,False,False
e3e1b813f658feb4bc2c345bc2d399f5,delivered,2017-05-23 00:08:56,True,True,False,False,False,True
655bc8e53bf6638c8e7c49962fb60a4f,delivered,2017-04-23 18:15:47,True,True,False,False,False,True
2015fdddda0f27eaf4ebdf451d70a41e,unavailable,2017-10-19 13:52:04,False,True,True,True,False,False
e5812a30b6ae5ceaae29fdb7920e7853,unavailable,2018-07-30 19:35:39,False,True,True,True,False,False
7708627520d1045aae5a3e31f89d3491,delivered,2017-10-24 16:58:19,True,True,False,False,False,True
9eb45b0aa6ff6baf71a20c68414f8089,unavailable,2017-07-19 23:29:07,False,True,True,True,False,False
05c852fbe20c108caf9f479633cbe088,unavailable,2018-07-12 12:21:56,False,True,True,True,False,False
5fe3dbcaf7a5fd778212b6dcf650db26,delivered,2017-11-10 13:47:20,True,True,False,False,False,True
65df8539acbce2e41ba3a4a3ce0a3470,unavailable,2017-06-07 16:08:41,False,True,True,True,False,False
016754282c7690ebd6658f9f8e0a49bb,delivered,2017-06-06 12:35:13,True,True,False,False,False,True
574f906eedf477adaf3507222887d81f,unavailable,2018-06-03 21:19:01,False,True,True,True,False,False
a3ef7e4271c9088cf2d3de8305ef2355,unavailable,2017-11-03 22:26:44,False,True,True,True,False,False
be7a773222d5a7d8b12e75ed2320037a,delivered,2018-02-24 11:24:45,True,True,False,False,False,True
5d80dfb48f5c62fe1cbd194b1b6f57bd,unavailable,2017-12-04 15:42:31,False,True,True,True,False,False
fd35f76586d33671031d89dc11030a4f,delivered,2017-08-26 00:54:09,True,True,False,False,False,True
f206c6ef0257553e7eabe4dbb10b6787,delivered,2018-06-03 00:42:34,True,True,False,False,False,True
10710544d8adf2b743de71711a372fa2,delivered,2017-02-24 15:13:35,True,True,False,False,False,True
4a42846a6eed9d15714fe30181399f2a,unavailable,2017-02-17 13:57:00,False,True,True,True,False,False
e04f1da1f48bf2bbffcf57b9824f76e1,invoiced,2016-10-05 13:22:20,False,True,True,True,False,False
92fca7ed7b7df4695007bd7f227e3333,unavailable,2017-02-01 12:03:36,False,True,True,True,False,False
e444dbf63e18f98c43c81f5ccc7ef8a0,unavailable,2017-09-25 12:12:02,False,True,True,True,False,False
cd80f267aabc7357c2caaa8848e1cd3c,unavailable,2017-12-07 12:26:00,False,True,False,True,False,True
c49e86b525c30f1b55eaf9abbc9837a6,canceled,2017-12-06 19:29:14,False,True,True,True,False,False
cdbb4d02acee4e30dcd2797d3ed1b510,delivered,2017-12-06 11:07:43,True,True,False,False,False,True
cea25ef7695cbbf27888da010e3ddd2a,delivered,2018-06-29 14:24:39,True,True,False,False,False,True
4603cc4d4654635e3c16a1ac226036f4,unavailable,2017-10-12 16:18:54,False,True,True,True,False,False
dbe2d1c6c34f5c31bb6736e1720c9b7e,canceled,2018-08-28 12:45:15,False,True,True,True,False,False
a327b5ecc65060cc462211724d715367,unavailable,2017-12-08 22:41:10,False,True,True,True,False,False
9710f97e7fb3ccd742ef8b5270d8d78f,unavailable,2018-07-23 12:57:36,False,True,True,True,False,False
f3988a6f6afe000b1617ab4429c5396c,unavailable,2017-07-11 04:47:35,False,True,True,True,False,False
e2a2dd06d145888e8ae6cd472c742e7d,delivered,2017-12-10 21:11:07,True,True,False,False,False,True
9434dbf9745b53e6da97527b226f9219,delivered,2018-03-19 16:04:20,True,True,False,False,False,True
1985dcd0eb8cb683615c1d2b8f324572,unavailable,2018-05-01 14:41:25,False,True,True,True,False,False
cb47bdb6944b3df9373054e6ab62cf46,delivered,2018-02-12 23:27:44,True,True,False,False,False,True
f5594a5beff0da9f2ae31381e7f4195f,delivered,2017-09-15 14:42:54,True,True,False,False,False,True
a59c87e726e3c78e26769a422a140bd3,canceled,2018-02-10 12:36:33,False,True,True,True,False,False
95502da30f1b1b49b7e29e09c961f77a,delivered,2018-02-15 23:31:17,True,True,False,False,False,True
f3aa2dd753099c0b69934615c49540c2,shipped,2017-11-04 18:26:00,True,True,False,False,False,True
76d85afd545b8fc877273a68455675c1,canceled,2017-11-08 18:40:21,False,True,True,True,False,False
b17fd4c033b06e8d888de8ea6105ef9d,canceled,2017-03-20 19:38:10,False,True,True,True,False,False
7133741ec73ad73f2b0df0078f3dff59,delivered,2018-06-21 12:20:52,True,True,False,False,False,True
9f24a452d2f08d94503f8755cc845362,unavailable,2017-09-04 02:26:00,False,True,True,True,False,False
ae60d8ce9aa713ec6cc02a1b15e6759e,unavailable,2017-05-30 12:07:33,False,True,True,True,False,False
3c87c321032c0aad76143340499b6b55,delivered,2017-11-21 15:11:07,True,True,False,False,False,True
adb3a0386f6e1f65d5fa85ecfc0f64a2,delivered,2017-10-16 21:51:29,True,True,False,False,False,True
493c01f6ccb506898f25e3b7eb123d18,delivered,2018-02-17 14:07:46,True,True,False,False,False,True
cb4a79c1e6c9ae44302861e7602cc449,unavailable,2017-12-06 15:46:07,False,True,True,True,False,False
6e7f938e1ebc4eb4b205b2ad66c5525d,unavailable,2017-09-12 00:08:18,False,True,True,True,False,False
5a4f11a9be03037cc84e5b77f4cf9d82,delivered,2017-12-19 23:35:52,True,True,False,False,False,True
9e7b4dc19aadc8298e2984986d3bf014,delivered,2017-10-13 16:52:15,True,True,False,False,False,True
f4cf1adfbef386f1559758ebe5db01b1,delivered,2018-07-21 10:39:29,True,True,False,False,False,True
07ff1545b26c5800dc2d25ab88055082,delivered,2018-03-05 18:12:13,True,True,False,False,False,True
3757dc827b45811e32f858867877df67,processing,2017-08-21 10:59:48,True,True,False,False,False,True
80f0181edc2f4a5bd3384a3c39a83cee,unavailable,2018-01-14 19:24:28,False,True,True,True,False,False
091deda616c370d63f0bf9a3f525fb34,unavailable,2017-08-11 11:08:53,False,True,True,True,False,False
b2f39212b22fb44dc0d57cdd6d1790dc,unavailable,2017-05-09 19:59:26,False,True,True,True,False,False
3c98e4bedff26f850c4f9989b16c8ee7,delivered,2017-04-26 10:41:39,True,True,False,False,False,True
9e555160d5ee4c0a12a9451cc98afedc,shipped,2017-11-16 12:04:23,True,True,False,False,False,True
334ab6dc70bc9a09b01827959aee65ba,shipped,2018-03-10 14:17:54,True,True,False,False,False,True
9192399976bb077688f5cf72fc8ab37b,unavailable,2017-10-30 13:27:56,False,True,True,True,False,False
fe185068c0d733ffb18fe6636ac8e498,shipped,2017-07-16 12:39:50,True,True,False,False,False,True
5e0eae0316373e1459c05b539e18f060,unavailable,2018-01-26 00:49:25,False,True,True,True,False,False
6c15888cd708d4c1487eb36753212d69,unavailable,2018-03-07 20:19:42,False,True,True,True,False,False
6a19c9502bf44deb70d04ba20d586866,delivered,2017-04-20 09:53:18,True,True,False,False,False,True
9a31fd9d697e9670777501f720773fd9,unavailable,2018-02-15 19:40:00,False,True,True,True,False,False
afed0d88ec7753e7be8744bb66e860d1,canceled,2018-08-02 15:23:07,False,True,True,True,False,False
dd3346a58fc7d6db3cb6f403c325ead9,unavailable,2018-01-21 19:04:45,False,True,True,True,False,False
493f708b1e1209147ca4bea838be1148,delivered,2018-04-24 09:57:09,True,True,False,False,False,True
b7afd3ff20d28b3d5ebb3b0f1d4c2ffb,delivered,2017-02-18 21:54:46,True,True,False,False,False,True
417f9f65f61787a7bec245c5e8c589dc,delivered,2017-07-04 20:46:07,True,True,False,False,False,True
dd8d541616639212eb325bc7d015350b,shipped,2018-05-16 13:03:16,True,True,False,False,False,True
dc7a419b3cd13b51c38ff9442dfd4009,canceled,2017-03-21 19:17:48,False,True,True,True,False,False
95fba842978e008c75e640b1908f1867,delivered,2017-07-08 21:30:18,True,True,False,False,False,True
a25eea9aec239850371fc90ff02f45a7,delivered,2017-06-28 11:08:40,True,True,False,False,False,True
9e99d220ca1057d22b317d36cf203620,unavailable,2018-01-03 17:05:21,False,True,True,True,False,False
ff5b7f440481674b38554434638beebf,delivered,2018-08-15 20:24:56,True,True,False,False,False,True
cfdfd7862e532c4ec1ed1c6a1b56d320,canceled,2018-09-03 18:45:34,False,True,True,True,False,False
2636c69e57fce1b3a556b70f1acd1192,unavailable,2017-03-01 09:02:12,False,True,True,True,False,False
3f2467ae6b5a92494a59e95de0d79ba8,unavailable,2018-01-21 09:43:40,False,True,False,True,False,True
756fc608f67478946b31c752681f27be,canceled,2018-08-14 08:14:45,False,True,True,True,False,False
c12c13ee9d5307f765798632ef70d689,unavailable,2017-05-06 00:13:09,False,True,True,True,False,False
ac7838d68577acf6e79c465b25ce9268,delivered,2018-03-05 19:58:57,True,True,False,False,False,True
fc55691eabf7bd6d38e8d49b4cdd8629,unavailable,2017-06-07 13:22:49,False,True,True,True,False,False
baec85e7fa005a17b89b8bf93300cb5f,unavailable,2018-01-12 02:07:28,False,True,True,True,False,False
3975795375144bc36a85de24cd441b21,delivered,2017-03-13 10:26:02,True,True,False,False,False,True
27870055ef90912de8d3ca3524bef306,delivered,2018-04-28 09:23:28,True,True,False,False,False,True
1e792fcdefb0bb34325cdc1dee84fcea,unavailable,2018-02-11 00:41:04,False,True,True,True,False,False
df5f65d2dec68b07404b0aa6f09aee32,unavailable,2017-07-17 21:42:18,False,True,True,True,False,False
82492ccd735c628d8a98d08d7ffbe501,unavailable,2017-10-18 18:21:48,False,True,True,True,False,False
dc5287133fa7ba014e8083e381bf8270,unavailable,2017-11-11 15:50:48,False,True,True,True,False,False
9fa4ce47e1ab92d83988552a89dc3ed8,shipped,2017-07-17 17:39:21,True,True,False,False,False,True
59798edc300f7563a9bdf18b2740def9,unavailable,2017-07-05 19:06:19,False,True,True,True,False,False
6a5771a7c4b156a321263b020bd7e3f2,delivered,2018-01-30 09:29:33,True,True,False,False,False,True
b9eb04083d9367fcd3523d0125406023,unavailable,2017-06-02 10:27:06,False,True,True,True,False,False
90a35d9f1707a645c3bd2dda9c3f2643,delivered,2017-12-02 16:44:06,True,True,False,False,False,True
6debbd8568d730f4959d1fac74ed0315,delivered,2018-01-12 19:23:58,True,True,False,False,False,True
642b39405abba96bc0e134680e8ceb02,unavailable,2017-03-05 09:28:24,False,True,True,True,False,False
1800254c5ad71baad5c53866d4ed0ea0,unavailable,2017-11-14 11:38:34,False,True,True,True,False,False
12bab4379a646f08ae89ed0561f5481e,delivered,2017-10-18 19:41:56,True,True,False,False,False,True
a805d7a514bcde0719f99ddf2a3bb31d,canceled,2018-08-17 14:17:56,False,True,True,True,False,False
b0d1dbaf457a73a6acece6bafe89b9e7,delivered,2017-12-06 22:43:30,True,True,False,False,False,True
a027b795d174ac4c8c7fd853838b5744,unavailable,2017-12-12 14:07:04,False,True,True,True,False,False
f434066a90c729686966ab151fa4c7ec,unavailable,2018-01-19 01:08:20,False,True,True,True,False,False
858f8fbff9d717450f931fc6e9d15029,unavailable,2017-10-10 12:09:59,False,True,True,True,False,False
f81e71dd7c044a9ee7c1d6e37d68d64f,canceled,2018-08-15 08:34:42,False,True,True,True,False,False
3e47a8cc66024053901d7313a7d2a0b7,delivered,2018-01-29 10:22:51,True,True,False,False,False,True
3b4b5ec89dc09c7aedc74199be65fef7,unavailable,2017-10-18 11:33:40,False,True,True,True,False,False
bd51fae4e79d90bca958267d6e6bee30,unavailable,2017-11-17 20:03:46,False,True,True,True,False,False
2b68bb35779189904b0cd730eaba3d1d,canceled,2018-05-08 10:11:16,False,True,True,True,False,False
696428244100d1ab711bc608f832e5ef,delivered,2017-12-04 21:08:51,True,True,False,False,False,True
61920c076c4c9bd3f5e1cd9d42309139,delivered,2018-08-15 13:14:00,True,True,False,False,False,True
4ac05edf248d6206469e17c32e52c9ac,delivered,2018-08-17 22:35:51,True,True,False,False,False,True
cf2a9fcfac08206bae42b3118368c9d1,delivered,2018-08-15 00:39:44,True,True,False,False,False,True
8d6342c5d498f0042ad00193ce3038c8,unavailable,2017-10-02 08:56:39,False,True,True,True,False,False
20e297eefc937e9b79e2cf97e9faddf1,unavailable,2018-05-09 16:39:41,False,True,True,True,False,False
6d97e3d5d9043bb4fa4f8fd0b4d9f230,unavailable,2017-09-20 15:01:41,False,True,True,True,False,False
32be8f17cc988f8a0a52deaa64576dc2,delivered,2017-09-06 17:55:36,True,True,False,False,False,True
d8716a985f69a46751cc046b0fea0d98,unavailable,2017-10-06 12:54:42,False,True,True,True,False,False
3716cd16bc2a97768309209eb4d4c6a7,unavailable,2017-11-29 09:54:26,False,True,True,True,False,False
b302801106ed1f5eb6f08ccdae6fea99,unavailable,2017-07-18 15:51:54,False,True,True,True,False,False
261e56a43de07e1b1bc9e8615c8e8aa9,unavailable,2017-08-30 15:17:09,False,True,True,True,False,False
33c4ff80921c70a563083f3e317f7247,unavailable,2017-12-18 18:34:30,False,True,True,True,False,False
1aecadf4362edaca7fa033e882076c8d,canceled,2016-10-04 10:05:45,False,True,True,True,False,False
ad0cbc6e9cc5bce4165e35ad4a42d8a5,delivered,2017-03-06 20:45:27,True,True,False,False,False,True
3c75e106ed38695c5bbf7fe5ab77a851,delivered,2018-07-08 19:55:34,True,True,False,False,False,True
eb0b86031f7ecc48bdea37fedd25166c,delivered,2017-07-25 16:42:02,True,True,False,False,False,True
1e4dc51447faa970879bb120932eebb6,unavailable,2018-01-22 09:27:54,False,True,True,True,False,False
3bb3f7783f2e72ad6c1baacfdc807994,unavailable,2017-11-30 16:45:27,False,True,True,True,False,False
d69fcef5a5fe3a3db60ea65c6ee499cc,unavailable,2017-12-02 10:11:44,False,True,True,True,False,False
620b0acb9258b51defbc51804c5298d5,canceled,2016-10-04 11:44:01,False,True,True,True,False,False
037a9cf279c376ab222c9d27be892513,unavailable,2017-11-06 13:04:40,False,True,True,True,False,False
b465e6231fb8411e534acc602cff4adb,unavailable,2017-06-11 23:20:34,False,True,True,True,False,False
54e9fc9a26833002ae6521780af9dcc6,delivered,2017-12-04 15:07:10,True,True,False,False,False,True
694226194013138c43ca10eff850b78c,shipped,2017-10-31 22:10:00,True,True,False,False,False,True
30e0a586733725ef792f50d33720b961,unavailable,2017-03-02 11:07:10,False,True,True,True,False,False
00335b686d693c7d72deeb12f8e89227,delivered,2017-07-17 21:25:23,True,True,False,False,False,True
484ce4bf2067023e5184d003c41eb07a,unavailable,2017-11-24 12:17:32,False,True,True,True,False,False
81e5023bc130187e464f4f8c328744fa,delivered,2018-05-06 16:24:57,True,True,False,False,False,True
7a6351ddca16a16c5ec71c79dfef9374,shipped,2017-11-29 17:43:55,True,True,False,False,False,True
ba21298fdb05dad91b7b31f4b3b17364,delivered,2018-02-14 14:20:19,True,True,False,False,False,True
37138848f84d12fc4015d8b261f905b7,delivered,2018-03-19 14:28:12,True,True,False,False,False,True
028e1ce5e085cc7810f340572c316b35,delivered,2017-05-21 08:03:50,True,True,False,False,False,True
8ff1992743a7f3a6daffc9ec9db05cbc,canceled,2017-06-05 21:20:51,True,True,False,False,False,True
fc72efeda6e41513a1c7956b6a0ccfc3,delivered,2018-03-05 21:23:50,True,True,False,False,False,True
1c851b2d3587fe02888b58c64fbc1ab0,unavailable,2018-01-09 16:25:08,False,True,True,True,False,False
32c75dfb830b25a968cfd39e54d315a3,unavailable,2017-11-07 15:40:54,False,True,False,True,False,True
6ec704c9a120baaa6b3e162255ec684b,unavailable,2017-12-30 10:52:01,False,True,True,True,False,False
252aabc5aca2bc51672fb4ded077dcd7,delivered,2017-12-14 00:06:50,True,True,False,False,False,True
3d2d939521e7bcf1be4b407ff2690e5f,shipped,2017-11-24 18:44:16,True,True,False,False,False,True
dfc5c1ae34c30f42aba88ae3a51f97c6,delivered,2018-06-27 22:15:52,True,True,False,False,False,True
cd002226356c8056b3e5d2ab6098543f,delivered,2018-03-27 18:21:43,True,True,False,False,False,True
d730d8d0ea3149120703933fdf98b2d4,shipped,2017-01-13 20:12:41,True,True,False,False,False,True
a3b14686446d3401d67a3421891c34a3,unavailable,2018-02-09 14:00:02,False,True,True,True,False,False
dd6eb2d6d50c1539804511adb0e4fa41,unavailable,2017-08-13 23:23:00,False,True,True,True,False,False
09f541f117ac3f665dc3aad6d3bb8fc9,canceled,2017-04-20 14:54:24,False,True,True,True,False,False
156f6f0ed73a57da184aecc81303bf9d,delivered,2018-05-09 17:23:03,True,True,False,False,False,True
4a1c879db7056f078a037fdf72b6d0fc,unavailable,2018-07-10 19:11:10,False,True,True,True,False,False
4a6d74776f450ae638cd987636c78491,delivered,2018-04-30 23:04:47,True,True,False,False,False,True
ee11405a850edd187af2fb6e1771bcdb,unavailable,2017-03-01 16:20:27,False,True,True,True,False,False
ceb533871105f7cda81fafc19e1ee38e,unavailable,2017-10-20 07:33:11,False,True,True,True,False,False
ae83ac701e482df677985b4dfe2960dc,shipped,2017-05-15 21:33:28,True,True,False,False,False,True
47282cfe5747c1c19920f090e491d285,canceled,2018-08-23 12:38:08,False,True,True,True,False,False
ccbd198eb55e22f3b2240d1605961c5f,unavailable,2017-07-07 13:24:00,False,True,True,True,False,False
4a6c07557205c5dbdeae7e289af5c1c6,canceled,2017-11-28 13:09:13,False,True,True,True,False,False
20085191cbcabee83a2016eb4a9fbf21,unavailable,2018-02-26 09:54:44,False,True,True,True,False,False
00daac8efd71674d62356c2a306d1e4c,unavailable,2017-11-21 19:20:25,False,True,True,True,False,False
14699aa32ce85735f3b0ce2ffe417d17,delivered,2018-01-19 20:17:58,True,True,False,False,False,True
8ac55ad4ce4706e06f7284f61746503a,unavailable,2017-08-13 17:33:09,False,True,True,True,False,False
1ad22e16129698e1a3cc11e4350d2cb7,canceled,2018-09-12 15:32:16,False,True,True,True,False,False
2b0edc4c59d83dcef85466718c36a317,unavailable,2017-09-29 19:17:10,False,True,True,True,False,False
a5b473174cc18cb742dcca534550b5b3,delivered,2017-11-10 12:40:49,True,True,False,False,False,True
d785a3d0046f381b43dd7b218998b06a,unavailable,2017-11-11 15:18:25,False,True,True,True,False,False
a0fdcd775c7cf9f4bfa70207f7d6e239,delivered,2017-04-07 15:18:30,True,True,False,False,False,True
c021ea4a80ce0d1bce358a2f831c34db,canceled,2018-08-07 15:40:54,False,True,True,True,False,False
40fd591202d04d78c987cfc6990ad237,unavailable,2017-09-24 15:58:12,False,True,True,True,False,False
688c77c72e79654a39228923333fc18f,delivered,2017-10-28 07:10:49,True,True,False,False,False,True
67b0f3d0a405fc007841f73f2792323b,unavailable,2018-07-30 21:40:41,False,True,True,True,False,False
c6c5a3bd6cdccabdc09336d43f4897b0,delivered,2018-02-20 10:31:58,True,True,False,False,False,True
31c672e3859d5d55d460ea8dbc39053d,unavailable,2017-02-13 13:56:12,False,True,True,True,False,False
d34e86154f29f6aa2093eb2a578b9326,delivered,2017-08-01 21:39:39,True,True,False,False,False,True
c2f065051bb7c9e7f88ebc998f332968,shipped,2018-07-31 13:09:16,True,True,False,False,False,True
3a40d639b7d8167f255bbb2b7372cddd,unavailable,2017-10-17 15:17:53,False,True,True,True,False,False
d17cbd88da86748917f52864d1be98d0,unavailable,2018-02-20 19:08:46,False,True,True,True,False,False
983e16bfbe23e60f23a6fcb9c4792204,canceled,2017-03-27 08:24:03,False,True,True,True,False,False
72f164fb286431d6dc328d09e588a434,delivered,2017-11-24 22:11:47,True,True,False,False,False,True
75b01078ad5e499d81b6b0f33cfbbf66,delivered,2017-12-25 12:34:48,True,True,False,False,False,True
37e5725572d3cbd7aad103b730f9232a,delivered,2018-08-20 09:18:49,True,True,False,False,False,True
998b90bcfc77ff711912c1c14dcff885,canceled,2017-07-05 21:56:09,False,True,True,True,False,False
91427fef1ca1431d3d86d7bcd0b51ebc,unavailable,2017-09-29 12:00:01,False,True,True,True,False,False
27b7289530871ba2c68509ec562b1544,unavailable,2017-01-31 14:54:29,False,True,True,True,False,False
e22f8395265cb423def2d5c028f0f34b,canceled,2017-12-01 01:42:22,False,True,True,True,False,False
a7de2a15156cab510e1cf5761949255f,delivered,2018-05-05 09:52:06,True,True,False,False,False,True
1f5833c59dc618d2d3b9072f51195d16,unavailable,2017-04-29 09:42:12,False,True,True,True,False,False
fcda3cc8210e746326864eb933641ccf,delivered,2017-01-18 22:41:55,True,True,False,False,False,True
93881917b8e0f2bf11eec7abbbfe43ec,unavailable,2018-08-11 21:38:00,False,True,False,True,False,True
4bd0d8aa4756f78245bd56015d4ddcc0,unavailable,2018-08-11 11:56:24,False,True,True,True,False,False
d731191f76c39fe5c7d22edddb6836ba,delivered,2017-05-19 18:13:52,True,True,False,False,False,True
51bda649419be0084a39cb53e9c6f262,unavailable,2017-11-17 13:16:42,False,True,True,True,False,False
5f5a937b8e63ac95df2db115354de971,delivered,2017-12-23 14:11:57,True,True,False,False,False,True
3e7ca74af2e30d9f16183f5c9d65ef85,unavailable,2017-08-13 13:53:18,False,True,True,True,False,False
c4dacba4560d22bf516c37d850225b2c,delivered,2017-12-20 21:44:31,True,True,False,False,False,True
038345c4a9d21c17180f2f77e1701c69,delivered,2017-11-13 19:55:04,True,True,False,False,False,True
81c2a9cc7a5d970fa1cb04443002088b,delivered,2017-11-27 07:36:22,True,True,False,False,False,True
2aa928af8787409a83b25d8dd89be295,delivered,2017-12-11 01:00:21,True,True,False,False,False,True
8d7e1e66103b85e9ab12cb65dafdf0e3,unavailable,2017-03-25 20:36:01,False,True,True,True,False,False
2ec030d65d7742d4afb8df93dd86ba76,unavailable,2017-03-06 10:24:34,False,True,True,True,False,False
a37c3175caa4465852b788987ca46d1a,unavailable,2017-10-09 19:39:21,False,True,True,True,False,False
1f017356278d0ec178ac6490b8f27d40,delivered,2018-03-25 23:20:35,True,True,False,False,False,True
7d576f29bdf44b7857414baff1c788b1,unavailable,2017-11-12 17:34:16,False,True,True,True,False,False
b7c0d5af4a5a6374adedc4dd9ab21923,unavailable,2018-01-01 23:50:58,False,True,True,True,False,False
453d6f15ae1c7406d6ec6a5ee3909b82,unavailable,2018-02-09 17:34:55,False,True,True,True,False,False
cb903ba48840fca21bc4c8a7382b4960,unavailable,2017-09-13 23:32:55,False,True,True,True,False,False
259fe605870f08ddf83ebb61f204b9e1,unavailable,2017-08-17 08:58:59,False,True,True,True,False,False
55f1a7153e4d67447465073ad9490f04,unavailable,2017-12-04 13:14:31,False,True,True,True,False,False
4acae38053fac34d667306b2de1445ee,invoiced,2017-11-23 11:46:27,True,True,False,False,False,True
742b5d98b8903f6f6a0af740ddd60f2c,unavailable,2017-02-14 17:33:54,False,True,True,True,False,False
ef95c45a2c0fca1b7aaee8da7c0013f1,delivered,2018-02-18 22:35:30,True,True,False,False,False,True
e6152cd6ca627fc4f0f5deddea24f7c2,unavailable,2017-11-29 13:23:16,False,True,True,True,False,False
52b7f26dd95604cb836ba17f96a6b056,unavailable,2017-07-05 05:55:39,False,True,True,True,False,False
50503051a38d8ee049d1226032c7d82d,unavailable,2017-12-05 10:13:03,False,True,True,True,False,False
fd01599ab4ac4b1c1f5a5d16a7871d72,unavailable,2017-12-08 09:45:27,False,True,True,True,False,False
5517dcebf1ab177978bae7e7c66de1b6,canceled,2017-04-27 12:57:53,False,True,True,True,False,False
129ea9ae4b85283decb23ea1756f505d,canceled,2018-08-09 08:09:33,False,True,True,True,False,False
91bcbd0102f5188ea47df5bcc83f3cad,delivered,2017-01-31 02:29:51,True,True,False,False,False,True
532eef07d5a2ff826ffd6ef0979e1645,delivered,2018-07-06 10:18:14,True,True,False,False,False,True
42ffa304e7e734f00e981f377dd18640,shipped,2017-05-06 14:29:00,True,True,False,False,False,True
f8812e9ef9494484aad51ddcd52ed382,shipped,2018-06-09 20:40:23,True,True,False,False,False,True
596288a27579ad1fec1d704efe7d9ab7,canceled,2017-08-30 18:48:01,False,True,False,True,False,True
a0e71b06151dd529dd0d71f578cd3457,unavailable,2017-11-05 20:59:18,False,True,True,True,False,False
e8ede6a466c4c9bb0a9db9a3d87f7a63,delivered,2017-05-21 21:23:15,True,True,False,False,False,True
f757fc88a9be2d57259be12e45955e7f,delivered,2017-11-10 15:55:41,True,True,False,False,False,True
00a500bc03bc4ec968e574c2553bed4b,unavailable,2017-11-23 10:53:01,False,True,True,True,False,False
18c528b07b50f67122420d4b645dc84c,unavailable,2017-10-25 13:37:41,False,True,True,True,False,False
ddb580e0827e6b997875e7b5612b8093,unavailable,2017-07-17 21:00:11,False,True,True,True,False,False
c21a68b298ad2f57646d554dcb49fed8,delivered,2018-02-22 12:05:03,True,True,False,False,False,True
2e404f3ac4dd39d7054b4cbb88ce2c35,delivered,2018-05-04 09:49:02,True,True,False,False,False,True
cca5e85092bfd9c1cb6c4d936cd86ecd,delivered,2018-03-16 16:08:08,True,True,False,False,False,True
4ea1ece1ec047c5584158141afd4c500,delivered,2017-11-26 20:44:34,True,True,False,False,False,True
92d277181976dd1ae82d2d739755ec17,delivered,2017-04-04 18:02:11,True,True,False,False,False,True
b2882c91557edcc086bc11bc8aa0805a,delivered,2018-06-16 17:24:06,True,True,False,False,False,True
0bd6f6cbd1aa613a762bcc714ffcadd5,delivered,2017-08-01 22:24:02,True,True,False,False,False,True
897b4da63b6edde1a33a9fb7caf1dd10,unavailable,2018-07-30 07:38:21,False,True,True,True,False,False
d8a40a1358d3b2dca231abdaa566b054,unavailable,2017-01-25 01:20:19,False,True,True,True,False,False
af6a9f579c74afeefcd5f32733c11a32,unavailable,2018-03-23 16:45:16,False,True,True,True,False,False
7773180c4a22f3438081f3a2b32f86d3,delivered,2017-08-20 16:09:44,True,True,False,False,False,True
6939929750f1b79c68d653a9402d14a3,delivered,2017-10-05 20:25:27,True,True,False,False,False,True
3deeaa4d253d9612fe55428163839325,delivered,2017-08-22 15:08:05,True,True,False,False,False,True
0cd059c0a0fa574521d20387f7156ed3,shipped,2017-08-12 16:31:47,True,True,False,False,False,True
2537dc25ebd836a44792c49ab1914c7d,delivered,2017-09-13 10:36:49,True,True,False,False,False,True
96e78a16640bdff7370dd73cb821fc01,unavailable,2017-07-02 22:15:35,False,True,True,True,False,False
7644fdc557b95c452791b3c1791efc08,unavailable,2017-11-24 11:02:33,False,True,True,True,False,False
fa82d85bb112828230b13452cbd18595,delivered,2017-10-26 18:44:28,True,True,False,False,False,True
876ac30251a0518e1fd87b6ec049df00,unavailable,2017-07-27 12:37:27,False,True,True,True,False,False
46eb75885eca03736c4188871c0a9ba3,canceled,2018-01-29 22:54:58,True,True,False,False,False,True
dc69158eb223d2e98bbaaba4c9f81c87,unavailable,2018-01-13 12:26:08,False,True,True,True,False,False
7bb355355c075d74665d97db859cfb45,delivered,2017-11-30 11:48:20,True,True,False,False,False,True
1e57bb5d95b6233ac77353120c7c23f6,delivered,2018-07-04 16:07:06,True,True,False,False,False,True
075cc7ce268544c780299db653d21467,unavailable,2018-04-20 09:39:52,False,True,True,True,False,False
8a5631237c1d8626971f2867b25c076e,delivered,2017-05-11 14:52:11,True,True,False,False,False,True
0667c8670e40ad2783c71d45ceb361e0,unavailable,2017-08-27 20:25:18,False,True,True,True,False,False
29fafeedea8220ed8162dcafe8a89483,delivered,2018-07-26 22:34:04,True,True,False,False,False,True
75020ffff57f14ba95e2562980ae510f,unavailable,2017-09-19 17:40:29,False,True,True,True,False,False
bc99558709784e3ae0b9f8dbff8c06f0,unavailable,2017-11-01 14:27:33,False,True,True,True,False,False
b102b42cde7719ae4b7c0163cf4d7dbe,canceled,2018-08-29 10:15:27,False,True,True,True,False,False
ee234bfd26ca588915483995d811c1d0,unavailable,2017-11-29 08:39:03,False,True,True,True,False,False
6f3772f092a98dfbb37265f3186ba374,canceled,2017-05-26 12:42:13,False,True,True,True,False,False
e8606bd877aee06d98501a6436ee8576,delivered,2017-09-18 18:09:20,True,True,False,False,False,True
6d2723b45ea982b9ea010813e96115ba,delivered,2017-07-12 11:29:42,True,True,False,False,False,True
ac446e82125c862fbe4c638d69f807bb,unavailable,2017-04-06 13:17:49,False,True,True,True,False,False
835654b76a16c7f8b71678907312f8b3,delivered,2018-07-10 06:45:51,True,True,False,False,False,True
a767f123fcb9ebe4eea953349dfd5a81,delivered,2018-04-05 07:53:47,True,True,False,False,False,True
6c0c4ed997d520a3b737650e43c8e042,unavailable,2017-03-04 23:45:25,False,True,True,True,False,False
94aa3ae1cb5c1c152c6cc757b68bb659,unavailable,2017-09-26 15:31:52,False,True,True,True,False,False
32bc13d17332ed4f07e360611c146b87,unavailable,2017-11-28 22:54:39,False,True,True,True,False,False
10e080f0e43ef41f43b9ff6da4451835,unavailable,2017-03-02 21:27:17,False,True,True,True,False,False
95247e44ffe87a1402f04c0023650fb4,delivered,2017-07-18 12:01:46,True,True,False,False,False,True
2559552ea70a7caa245eca67f410a3f4,unavailable,2017-10-22 20:44:47,False,True,True,True,False,False
482b0898624ebab18e90d224126c98a8,delivered,2017-11-21 10:46:57,True,True,False,False,False,True
84a0da4c506ee63e6163cfab9141964d,delivered,2018-03-07 16:53:53,True,True,False,False,False,True
648fd7a88c08b7d6fdf29c28361c87d5,delivered,2017-11-25 01:06:42,True,True,False,False,False,True
553fee3c21ab4328508c8e467806613e,unavailable,2018-01-12 23:57:07,False,True,True,True,False,False
bc1b85147b5edbb7cbefcf5c1bd5ded9,delivered,2018-07-24 11:50:06,True,True,False,False,False,True
19c54d85fa291d4193fe838cbde71403,delivered,2018-02-26 20:19:48,True,True,False,False,False,True
cfbf015b7e4efd77c1a2ee7e337aea60,unavailable,2017-11-07 17:12:46,False,True,True,True,False,False
560f8dd770a2b2c009a4fc935c507014,shipped,2017-12-16 18:51:09,True,True,False,False,False,True
2f346d92b11fcc7c342b3392b174cf3b,unavailable,2017-12-07 11:53:32,False,True,True,True,False,False
0d78ff8b7d8f2a3590a2e4745240f97b,delivered,2018-01-27 12:32:23,True,True,False,False,False,True
8d7c561ff34d8fb665da2d7cd9eea5ea,delivered,2017-07-31 14:00:27,True,True,False,False,False,True
d6f1fd48e3b9fbaa5ed2794838559afb,unavailable,2018-06-25 00:03:57,False,True,True,True,False,False
81369b7885f7b27b5e7c427f1a812374,delivered,2018-01-03 01:34:09,True,True,False,False,False,True
bbdef4b5ecad947f721ab789db1dd57f,unavailable,2018-03-04 22:14:40,False,True,True,True,False,False
ecae73914f65a01db35cc609281364ef,unavailable,2017-05-31 09:52:11,False,True,True,True,False,False
3bc0b582f495fdc4dbec054f04f9fa3a,delivered,2018-04-15 15:10:31,True,True,False,False,False,True
bb7d0e5b853f82d1aac9d4f51ec59500,delivered,2017-11-25 10:03:01,True,True,False,False,False,True
66cb680674721f9816e366a15a93633f,canceled,2017-03-28 20:53:24,False,True,True,True,False,False
0c6036de51fa390a9f4491643bfcf4df,delivered,2017-02-15 09:35:30,True,True,False,False,False,True
29b864f0e9959e828d0be8a00fba46bc,delivered,2017-07-15 18:40:54,True,True,False,False,False,True
3b090f7fe6e2cf01b468a154dc9c546a,unavailable,2017-12-06 11:06:41,False,True,True,True,False,False
572c4bbf0f5f85a9b4a2c4fe0c7f04d5,canceled,2018-08-30 15:11:58,False,True,True,True,False,False
c0d9cb07f94365a3f747472d6121a158,delivered,2018-05-07 20:27:12,True,True,False,False,False,True
42202323e8e5319c107e361d55ad0de6,unavailable,2017-10-30 16:06:30,False,True,True,True,False,False
bb87d6748da724f69c5e62274dc7aae6,shipped,2018-05-10 16:44:57,True,True,False,False,False,True
52d460ae47aa90f9b540f2f869f62d41,delivered,2018-01-07 22:06:21,True,True,False,False,False,True
fdcca0e15a4d03e3fb89fb14664a3744,unavailable,2017-09-11 20:02:08,False,True,True,True,False,False
616fa7d4871b87832197b2a137a115d2,canceled,2018-10-01 15:30:09,False,True,True,True,False,False
1861e4e81b5e158dc1b6007cd95a61cd,delivered,2018-05-07 07:36:50,True,True,False,False,False,True
4ae0a4ebc7224b287836fc665b499b69,delivered,2017-11-25 00:20:28,True,True,False,False,False,True
54b267f79786d7ac585ab0aac88d6da6,unavailable,2017-07-24 23:36:40,False,True,True,True,False,False
e58fb7bfd033514475ab0883ded704f4,unavailable,2017-10-20 07:33:10,False,True,True,True,False,False
c581b368f1c9fc02caaa71e42809baf9,canceled,2018-08-10 14:44:24,False,True,False,True,False,True
a536059a071793ef05e7e63cbac9d50e,unavailable,2017-11-20 17:13:05,False,True,False,True,False,True
bd7585a77f0aa76b3775bb68fb293356,unavailable,2017-02-08 10:46:02,False,True,True,True,False,False
e6135c8e8606487b103a6835a5c429ff,delivered,2017-12-08 20:17:30,True,True,False,False,False,True
53e47f7fef72225bb63f3618e3301f15,delivered,2018-01-20 12:10:35,True,True,False,False,False,True
68ba0b1bfcbf8d877ba255499b0853cb,delivered,2018-05-21 10:49:37,True,True,False,False,False,True
d7198cce0076c5cefda313c12776334c,unavailable,2017-05-12 19:02:52,False,True,True,True,False,False
72b48d2ee1353308077d11c354decaad,delivered,2017-08-09 06:58:46,True,True,False,False,False,True
3c3df3dd2afaabb39a53131f9ce98116,unavailable,2018-01-25 14:52:00,False,True,True,True,False,False
458a97b5d6f66560f0b625effac969a2,delivered,2017-12-06 13:46:32,True,True,False,False,False,True
c5351b62ac42d8a63b11a24ca403a30f,delivered,2017-11-30 11:48:21,True,True,False,False,False,True
ed1acc924e85e293849485a9d5dc3498,unavailable,2017-05-15 10:54:23,False,True,True,True,False,False
a8ebe927b1b85cc950bba001cac770f7,unavailable,2017-12-06 19:45:34,False,True,True,True,False,False
7e44996f9c5d93e3f1fccddf9cf0b4bf,delivered,2017-08-12 10:25:24,True,True,False,False,False,True
4418e54649d925fb8532ff8d11bcea61,delivered,2018-07-30 15:43:39,True,True,False,False,False,True
d012bfc203fbb4ce9a0b4e19c4dcb375,delivered,2017-09-25 00:09:26,True,True,False,False,False,True
23fbdff7118cf3f2b0f4eb5b74f6ee2f,delivered,2018-02-21 19:25:41,True,True,False,False,False,True
65d949ae1a2e6f0e1c65dd06b9fb5eb2,delivered,2017-09-11 17:51:34,True,True,False,False,False,True
c037dd9db2ac27aa44381219612e91ba,canceled,2017-11-10 01:45:04,False,True,True,True,False,False
0823dcbe6114c3aab2fc53d98117d916,delivered,2017-09-14 08:56:38,True,True,False,False,False,True
66e4a36ff490014773971a6ee0b6a0e4,canceled,2017-06-20 12:39:25,False,True,True,True,False,False
6340164ffcc87a11dd0ad37d2551994c,delivered,2018-06-03 12:26:22,True,True,False,False,False,True
3e141e345041b9a2a2648dca90d431c7,delivered,2018-01-03 21:20:26,True,True,False,False,False,True
51192863a004d47d0e4f5bf5384bf88f,canceled,2018-02-13 15:58:33,False,True,True,True,False,False
0cfc5b8b63bf71f738f96e68adb96b3d,unavailable,2017-12-05 20:48:42,False,True,True,True,False,False
eb7efe0b8397cce63c22e0d6bc566dd9,shipped,2017-04-19 10:38:27,True,True,False,False,False,True
ec88cd13421e27489ffc1f352247f3a4,canceled,2018-08-24 16:38:44,False,True,True,True,False,False
0da43144c61f413957a7e7c8b2555dad,unavailable,2017-10-13 17:57:20,False,True,True,True,False,False
0e44e7b0102a1f19aa9d7643e45dbbdb,delivered,2017-12-11 18:21:52,True,True,False,False,False,True
6fa75611a64dc552025fc1c48cc75cf4,shipped,2018-03-13 13:22:02,True,True,False,False,False,True
b29cb9e8d3d9563d11aba58b276705d1,delivered,2017-05-17 20:31:55,True,True,False,False,False,True
fecda210da4a36546b91948ee43af90d,delivered,2018-03-29 16:42:35,True,True,False,False,False,True
24cee263ae15271412b77854eb10b840,unavailable,2017-11-01 18:16:28,False,True,True,True,False,False
cbc0f78d9e0d7cd99582cd7552cfd64f,unavailable,2017-02-14 11:45:11,False,True,True,True,False,False
a05fc37f43df506f00a32f1507e4d360,shipped,2018-02-25 21:46:50,True,True,False,False,False,True
a58490145a93745e5cce4c644ecd9153,delivered,2017-10-24 15:05:47,True,True,False,False,False,True
e51a8e1d0f0a0cc6eae0b605b53cf9ed,unavailable,2017-06-04 21:37:58,False,True,True,True,False,False
a20244bef3bafb6f4d37e3603539336d,unavailable,2017-12-14 10:33:27,False,True,True,True,False,False
fbd87e9a66a24294c9f8deb5efca45a1,unavailable,2017-07-06 12:53:40,False,True,True,True,False,False
8b08f0e729f58529ed03e763270f78d5,unavailable,2017-08-24 21:02:47,False,True,True,True,False,False
1c2c24a58f6335fa1dbda79cf2ebff74,unavailable,2017-08-17 21:54:26,False,True,True,True,False,False
5b3bc5b8d24159d46b9d4a9ff4383f8f,delivered,2018-03-03 13:09:09,True,True,False,False,False,True
9b95554e4a79777fcb0168932c4a9522,unavailable,2017-03-24 15:27:47,False,True,True,True,False,False
6fc43344397e467b002e0255391ffc12,delivered,2018-03-05 15:22:00,True,True,False,False,False,True
049c844d7707d97ba1600196919474f4,delivered,2018-02-27 15:31:49,True,True,False,False,False,True
7018a2cb4802de2f9ed4b09b6a98e6fd,canceled,2017-12-10 10:27:39,False,True,True,True,False,False
db0c400a715a4ade505cf24a95e5ade3,delivered,2017-06-06 12:42:39,True,True,False,False,False,True
0c62ca8afaf8a77c7776893cb9866668,delivered,2018-02-09 11:51:44,True,True,False,False,False,True
751e2321971174010eb1fc0e8a99f78f,delivered,2017-09-13 20:51:13,True,True,False,False,False,True
6900ba78f72feb30643f7c2e2ebb3aa1,unavailable,2017-04-23 18:16:54,False,True,True,True,False,False
47e96b5cb6f0592d336b6bf8a817d1c3,canceled,2018-01-21 12:44:16,True,True,False,False,False,True
56fd7f1e63ea8177e02f64f5077ee7f3,canceled,2017-02-12 13:41:41,True,True,False,False,False,True
698428b13a63630f0ced51f2cbd1b947,delivered,2018-01-23 22:22:28,True,True,False,False,False,True
39a6ecead949b006d60a132d146ea284,delivered,2018-05-21 14:56:42,True,True,False,False,False,True
bcc632609d99be3eeaf01c6916f9604e,delivered,2018-01-06 00:09:51,True,True,False,False,False,True
c774761f8e5fbbd73a64408df5698ea7,unavailable,2017-10-21 10:38:30,False,True,True,True,False,False
236e6ec6171c1870d4bcf4ccfad87f49,canceled,2018-08-21 15:12:31,False,True,True,True,False,False
7b417e4ab50fe706033d4fe21c659f3b,canceled,2018-08-16 17:09:19,False,True,True,True,False,False
97cf031e8c5bf37a0b310c07800e323a,unavailable,2017-09-10 15:33:30,False,True,True,True,False,False
47d346b7368958cb0bd17880b2af14e9,shipped,2017-05-10 22:45:16,True,True,False,False,False,True
b6e63e74aff84a068fdc1b41e9ac29ea,canceled,2018-08-07 10:44:34,False,True,True,True,False,False
cf5b244fd1f7002efc7929be945f1d44,delivered,2017-07-16 21:23:35,True,True,False,False,False,True
ab14fdcfbe524636d65ee38360e22ce8,delivered,2017-08-23 09:22:34,True,True,False,False,False,True
df3166e4db1badb2414e9e95790a1771,delivered,2017-09-27 23:52:43,True,True,False,False,False,True
dc608454ac1f85d42db31f7d558afff6,delivered,2018-04-02 18:23:58,True,True,False,False,False,True
72fcdcc4d106595993b31fc91c800113,canceled,2017-09-12 22:36:04,False,True,True,True,False,False
49fdf5b0134c7c1445f6bbf018beaf1c,delivered,2018-01-06 17:48:38,True,True,False,False,False,True
1f0a1cc0dc294f24707a0167df26c94b,unavailable,2017-08-03 12:11:32,False,True,True,True,False,False
6e7e891760708803a2f4203981f2d69d,unavailable,2017-02-16 19:43:11,False,True,True,True,False,False
c2889b2085529be65218f712352769e6,delivered,2017-09-09 03:22:19,True,True,False,False,False,True
93942353ebd22541194b59e590c0d7de,unavailable,2017-02-08 13:32:00,False,True,True,True,False,False
8a93f4f9e595aba3253cd1896fc4dc36,delivered,2017-11-24 21:19:48,True,True,False,False,False,True
233962c509ebbdb05dacfbe831d15d5b,delivered,2017-10-11 20:38:13,True,True,False,False,False,True
197b967f01bda6ab29436b91844e5e90,delivered,2018-03-26 19:55:47,True,True,False,False,False,True
fcdcf0cd9b77731f38b0c97a27038042,unavailable,2017-07-06 21:54:54,False,True,True,True,False,False
02190241f7190a1f3c7e0df95a749c6a,delivered,2016-10-07 10:52:22,True,True,False,False,False,True
ce6c67f20356e5d9c8e6fa1d8f7becea,delivered,2017-06-11 23:33:52,True,True,False,False,False,True
2867faaa7a912bbc2bf8d8e40d7a0354,unavailable,2017-01-22 20:43:58,False,True,True,True,False,False
98cdb0b0199939368746cb2beba58efe,delivered,2018-01-21 19:57:34,True,True,False,False,False,True
f943e18398079cee438234bf6482996e,processing,2017-10-12 11:18:32,True,True,False,False,False,True
32b5ca23bd0b8761a4e3c0fb0b4b4418,unavailable,2018-01-22 09:33:58,False,True,True,True,False,False
5535824c4716c782eed6edd2624a79ce,delivered,2018-05-05 18:06:22,True,True,False,False,False,True
8dabb452ae99a1e4d68d506101882e7a,delivered,2018-06-22 12:12:58,True,True,False,False,False,True
a112ffd9157da040b7951b8bb6bb2fba,unavailable,2017-02-11 17:32:35,False,True,True,True,False,False
b31a540b397cb096c3c5252eab692c9a,unavailable,2017-11-24 12:56:49,False,True,True,True,False,False
a0141c1141d9406b48466fe4d1492bf4,unavailable,2017-11-13 18:50:21,False,True,True,True,False,False
b91dd40b68675f4dc29339562895ca26,unavailable,2018-02-24 16:22:06,False,True,True,True,False,False
d49363a0cc2a1915a5a11f85ea08ea48,unavailable,2018-02-07 15:40:42,False,True,True,True,False,False
a6d4e95420d65bd5f299dc95d3493e0d,unavailable,2018-07-23 06:11:11,False,True,True,True,False,False
9231cd28d094660487390045fec25a3b,unavailable,2017-05-31 00:23:47,False,True,True,True,False,False
52f308ce830731bfdfea4539e140073f,unavailable,2017-08-02 11:11:01,False,True,True,True,False,False
e4e3903e4a2fedf6bc3b6e40262e05c1,delivered,2018-04-02 23:28:03,True,True,False,False,False,True
7813842ae95e8c497fc0233232ae815a,canceled,2018-08-17 20:06:36,False,True,True,True,False,False
5abe202b4aa14c9b12e9661641d2f8e0,delivered,2018-03-24 20:27:11,True,True,False,False,False,True
ef3b75eae01e343f3d7c05e88a9cc496,unavailable,2017-12-03 16:44:28,False,True,True,True,False,False
4930f37130adb20a3c7d0b02b07050ca,delivered,2018-01-28 20:53:27,True,True,False,False,False,True
c9653cca1e27f0816402332712a4c87f,delivered,2017-11-24 19:53:18,True,True,False,False,False,True
1e9cdb2ee26ee17ecb5f050a180cf8ff,unavailable,2017-05-29 19:22:12,False,True,True,True,False,False
b18574ff0d88a32cf00f56fdf8423a73,delivered,2017-04-01 21:26:26,True,True,False,False,False,True
34ece4e04b8152221159d0a86ed3a0ee,delivered,2018-04-09 20:54:34,True,True,False,False,False,True
5b223cbcbd1c52a014fa6acdecb59ce3,delivered,2018-04-15 22:42:08,True,True,False,False,False,True
d147001bf6f7a4295040343db205d9c1,shipped,2018-08-01 15:42:20,True,True,False,False,False,True
2645cc3b2e6b295a4bbc6defcb66d817,delivered,2018-03-11 17:48:28,True,True,False,False,False,True
a144aa25d9d14f25ee9f3ec4118e5517,unavailable,2017-11-06 17:36:36,False,True,True,True,False,False
bb9a2de2f513259a76f6cab031523257,delivered,2018-07-24 12:42:16,True,True,False,False,False,True
f19ea7019ed413c8722275d4c9c08dcd,delivered,2018-04-02 23:19:45,True,True,False,False,False,True
d075def20463f58225a279f6e36d8669,delivered,2017-09-10 21:16:47,True,True,False,False,False,True
ae443cb420061bab1f2c5e3ad279fde8,unavailable,2018-03-03 09:32:36,False,True,True,True,False,False
81a37715c2240c1701ab6b81bb52e737,shipped,2018-05-08 22:12:45,True,True,False,False,False,True
69647a30e77959dbf0000636927c27d6,unavailable,2017-08-11 21:08:16,False,True,True,True,False,False
bf3c691a76e2c8733340a8f7e251a0f1,unavailable,2018-01-12 10:35:02,False,True,True,True,False,False
02de1e44936e56ddc1621c46d86bf91e,unavailable,2018-08-21 12:21:00,False,True,True,True,False,False
6c895a26a7b113a890c888e46f106907,delivered,2017-02-09 11:38:52,True,True,False,False,False,True
7159096c5aa9be77f7f0c26c01ee9793,canceled,2018-03-15 10:06:35,False,True,True,True,False,False
615d26dd80fd83e9f66e00ab0d36b764,delivered,2017-10-26 14:52:40,True,True,False,False,False,True
46ab5f4b3a88ae05be005f9736c0e9e6,delivered,2018-01-10 19:48:48,True,True,False,False,False,True
5a14c8b3d919a4ef3f3428b0459c47b2,canceled,2017-05-29 23:53:39,False,True,True,True,False,False
e861307609af3dd1a985ad0972fb9c16,delivered,2018-03-19 13:00:04,True,True,False,False,False,True
3354a9e699cdd99dae33906e55a8ca17,delivered,2018-01-15 10:18:09,True,True,False,False,False,True
b34369ee8397436dd7ceb8bb7783671d,canceled,2017-06-07 20:11:29,False,True,True,True,False,False
eb2dc067ee1a4eac77e2d045f01cf7f0,unavailable,2017-12-04 23:16:03,False,True,True,True,False,False
2da01b4da104add683f87af323a0e9d1,delivered,2018-08-01 08:33:57,True,True,False,False,False,True
9757bb9b0d295ca539b1b15c3eab9b2e,delivered,2017-07-30 20:17:31,True,True,False,False,False,True
39d90234aa561e2f6a0ca08926c4f678,invoiced,2018-05-16 14:57:49,True,True,False,False,False,True
8298521946fcd8c9f8b984aad6176694,unavailable,2017-03-07 23:02:58,False,True,True,True,False,False
8c1340adfa38dcce671b3e2eaece6cdb,delivered,2017-06-27 10:57:42,True,True,False,False,False,True
dcdfc540e42725663242bb884c28f0a6,processing,2017-10-30 10:46:44,True,True,False,False,False,True
0a0d4509c14ceb9b0f6555e07c45d167,delivered,2018-03-14 09:52:04,True,True,False,False,False,True
d4ceda456a12b48a1f8a592aa2070b30,canceled,2017-10-10 14:07:52,True,True,False,False,False,True
724c93e86fd1a0d2f740a8e94e862e95,delivered,2017-06-03 13:25:22,True,True,False,False,False,True
11c71300049cd2c9896b0be33f04d574,unavailable,2017-06-15 10:07:14,False,True,True,True,False,False
2e3c6e30c69763a7dfe40f11a19ed3da,unavailable,2017-10-23 18:24:27,False,True,True,True,False,False
95ecc4683cb56cd525c1488adf228175,delivered,2017-06-07 07:04:25,True,True,False,False,False,True
52fd8c890356febe4f78b653ef130cd2,unavailable,2017-02-08 13:03:36,False,True,True,True,False,False
efa3e0b795c3871ff5413d163cc9d6f0,unavailable,2017-11-17 19:42:32,False,True,True,True,False,False
5a00b4d35edffc56b825c3646a99ba9d,canceled,2017-07-02 15:38:46,False,True,True,True,False,False
2fb41f7fd5712215690c4c8a37fdefc5,delivered,2017-08-28 23:01:59,True,True,False,False,False,True
a300448deabccb27ee1eb60ca3d2164b,delivered,2018-03-12 20:22:36,True,True,False,False,False,True
73d6d096aaef87398a0321fc1acc5a54,unavailable,2017-10-17 07:49:44,False,True,True,True,False,False
af264f3527e94e431f0dcd56cd6b406d,unavailable,2017-07-12 14:49:11,False,True,True,True,False,False
6c4e764954bc530adac8b0842d8f1647,unavailable,2017-08-12 14:18:34,False,True,True,True,False,False
37af1b25e7710f09d122aaf3f8b68114,unavailable,2017-05-02 14:23:24,False,True,True,True,False,False
aec47b9987c836ffee2d7664b0929ec1,delivered,2017-10-10 18:31:36,True,True,False,False,False,True
7d9dad1ac923f80a77b7a8fdd10a7201,shipped,2018-03-22 16:17:04,True,True,False,False,False,True
f73c0c32115b0bbfd5769c0cf67fb1c7,shipped,2018-01-08 23:35:29,True,True,False,False,False,True
87230abed36d9ec9a1dafd369948b4df,delivered,2018-04-26 17:32:49,True,True,False,False,False,True
227c804e2a44760671a6a5697ea549e4,canceled,2017-09-28 15:02:56,False,True,True,True,False,False
269507123b136cce3d2f6c5915f11bad,unavailable,2018-02-12 21:13:25,False,True,True,True,False,False
3dc3b3d8c073e795040be5836fdd8691,delivered,2018-01-17 18:13:00,True,True,False,False,False,True
abc371fa4448846ac98855c256ab235f,unavailable,2017-02-11 19:26:28,False,True,True,True,False,False
a59ef0abffbef8ddaae23600b6ee6604,shipped,2017-11-06 17:35:49,True,True,False,False,False,True
9c753fec37c64b5771eb77ef982c34dc,delivered,2017-11-29 20:44:54,True,True,False,False,False,True
1ce8144d59eef2763c0fbaf8ffd26d31,unavailable,2017-08-10 12:44:08,False,True,True,True,False,False
0c65b0adb51e15670674ed805d0f4b7b,delivered,2018-01-15 02:39:35,True,True,False,False,False,True
0c384d67524b5b92aa2fa6c8baa9a983,delivered,2017-06-05 19:20:11,True,True,False,False,False,True
906a6b0a96d89ee226e4977e99b80b9e,delivered,2017-08-28 15:14:21,True,True,False,False,False,True
2d57932a94a64e0729ec5b88b4860d0d,unavailable,2018-03-31 19:08:47,False,True,True,True,False,False
e49e7ce1471b4693482d40c2bd3ad196,canceled,2018-08-07 11:16:28,False,True,True,True,False,False
5333db16fe357175d39c82840dd3269d,delivered,2018-03-10 18:18:20,True,True,False,False,False,True
e58b8168894c93cf61d36c90775acd85,unavailable,2017-02-26 16:13:36,False,True,True,True,False,False
2f2df159f26ddb73d55ee72372200d3e,delivered,2017-07-17 01:19:50,True,True,False,False,False,True
6cf5c427fb11bc5fe8abefa86aa7ba0b,unavailable,2017-10-17 10:53:48,False,True,True,True,False,False
1c7c8ab324927f5b6e52338bd110bef4,unavailable,2017-12-23 18:48:09,False,True,True,True,False,False
dff2b9b8d7cfc595836945e1443789c3,delivered,2018-07-16 12:59:02,True,True,False,False,False,True
aaab15da689073f8f9aa978a390a69d1,unavailable,2018-01-16 14:27:59,False,True,True,True,False,False
3a3cddda5a7c27851bd96c3313412840,canceled,2018-08-31 16:13:44,False,True,True,True,False,False
a89abace0dcc01eeb267a9660b5ac126,canceled,2018-09-06 18:45:47,False,True,True,True,False,False
a69ba794cc7deb415c3e15a0a3877e69,unavailable,2017-08-23 16:28:04,False,True,True,True,False,False
5fabc81b6322c8443648e1b21a6fef21,unavailable,2017-10-10 10:50:03,False,True,True,True,False,False
